customer_id,customer_hk,first_name,last_name,full_name,gender,birth_date,age,age_group,country,city,customer_segment,loyalty_tier,signup_date,preferred_channel,days_since_signup,valid_from,snapshot_date
CUST0001,e5a4f232bcd145c79aa714129898e67cfb3a7e9ad0e45c16c827834ce75acd22,Mariam,Ouattara,Mariam Ouattara,F,1969-09-04,56,55+,Senegal,Dakar,Standard,Gold,2023-08-08,Web,512,2026-05-25 09:39:38.626811,2026-05-25 09:39:38.779183
CUST0002,c09d8b51038a17dcdbb5b93de00435d2ab50711170516f70713083463c1679f7,Amadou,Ouattara,Amadou Ouattara,F,1980-02-18,45,45-54,Côte d'Ivoire,Bouaké,Budget,Explorer,2023-08-17,Web,503,2026-05-25 09:39:38.626811,2026-05-25 09:39:38.779183
CUST0003,b1aa559983e9a962ecf0099b4f31c4569b79ed9f979c2a049631cc242d340fdb,Didier,Ouattara,Didier Ouattara,F,1979-01-18,46,45-54,France,Paris,Standard,None,2023-05-01,Travel Agency,611,2026-05-25 09:39:38.626811,2026-05-25 09:39:38.779183
CUST0004,706af2dde6ca5c8956cd9f96325b57b4d23e2cc6bed1aa62a3a31e068a1413ed,Aminata,Diallo,Aminata Diallo,F,1977-06-04,48,45-54,France,Paris,Standard,Explorer,2024-05-23,Corporate Desk,223,2026-05-25 09:39:38.626811,2026-05-25 09:39:38.779183
CUST0005,22dcae22542cc299f8e4eb7b0d34b379a6a7abdbf24a95539916a37a14c48055,Nadia,Ndiaye,Nadia Ndiaye,M,1988-05-08,37,35-44,Senegal,Dakar,Business,None,2024-08-11,Travel Agency,143,2026-05-25 09:39:38.626811,2026-05-25 09:39:38.779183
CUST0006,c844eda324f3cf3f493b627de340ed1598bda92667a2ac9b966ee92c25f3f72b,Nadia,Amani,Nadia Amani,M,1983-10-03,42,35-44,France,Paris,Standard,None,2023-12-17,Mobile App,381,2026-05-25 09:39:38.626811,2026-05-25 09:39:38.779183
CUST0007,2899284fc817d0f68bd5aa0ae3d67cda25b3462540ad9150e8ca566bd553c8fb,Amadou,Konan,Amadou Konan,F,2000-10-26,25,25-34,Nigeria,Lagos,Standard,Explorer,2024-05-23,Corporate Desk,223,2026-05-25 09:39:38.626811,2026-05-25 09:39:38.779183
CUST0008,bfc6f8b4b7ef7cbc49acaef2914d5c9540ec7a5dd1b618f08547aa45fc95af83,Koffi,Mensah,Koffi Mensah,M,1969-01-24,56,55+,Côte d'Ivoire,Yamoussoukro,Standard,Explorer,2024-11-28,Corporate Desk,34,2026-05-25 09:39:38.626811,2026-05-25 09:39:38.779183
CUST0009,fcaf79710767ce7358022a1cc3682f6f84086ecba67c49b2345978f03b7a3fef,Serge,Ouattara,Serge Ouattara,M,1966-08-12,59,55+,Senegal,Dakar,Standard,Explorer,2023-08-12,Travel Agency,508,2026-05-25 09:39:38.626811,2026-05-25 09:39:38.779183
CUST0010,f3b55882ee2aa18d6008578ca50b720303774443fc692eb6ee57b1f56136802b,Serge,Kouassi,Serge Kouassi,M,1990-08-03,35,35-44,Ghana,Accra,Standard,Explorer,2023-05-21,Corporate Desk,591,2026-05-25 09:39:38.626811,2026-05-25 09:39:38.779183
CUST0011,16b47e58d651294003db1569f63977af83a83892673fc7dcc5352fdee0e22d77,Fatou,Ouattara,Fatou Ouattara,M,1989-04-05,36,35-44,France,Paris,Budget,None,2023-08-27,Web,493,2026-05-25 09:39:38.626811,2026-05-25 09:39:38.779183
CUST0012,3ab627970a534e66fe8441d1cf0394a30f48ab30ee552547495a347bc9e68f7f,Didier,Diallo,Didier Diallo,M,1983-01-05,42,35-44,Nigeria,Lagos,Standard,Explorer,2023-11-23,Mobile App,405,2026-05-25 09:39:38.626811,2026-05-25 09:39:38.779183
CUST0013,f9c15b39f04106ca1299543cadc821d6bb425c446111c1d0e9e3f520ccdb37b1,Bintou,Ndiaye,Bintou Ndiaye,F,1994-11-26,31,25-34,Benin,Cotonou,Standard,Explorer,2024-05-08,Corporate Desk,238,2026-05-25 09:39:38.626811,2026-05-25 09:39:38.779183
CUST0014,d3f5543959ea81981562659041362280d6fc1d5c42c80d813964b98b060f9749,Yao,Traore,Yao Traore,F,1993-03-04,32,25-34,Côte d'Ivoire,Bouaké,Standard,None,2024-08-03,Mobile App,151,2026-05-25 09:39:38.626811,2026-05-25 09:39:38.779183
CUST0015,41350989685d623e53fc6fc8483cef79ca3ca4a9e823ed2408bb8a3c61fe79da,Koffi,Amani,Koffi Amani,F,1969-04-20,56,55+,France,Paris,Budget,None,2023-12-22,Travel Agency,376,2026-05-25 09:39:38.626811,2026-05-25 09:39:38.779183
CUST0016,36f21d395a17b621b413264417c6d457f36626dbfbfe1a694e5558c203c72b10,Koffi,Traore,Koffi Traore,M,1994-08-16,31,25-34,Nigeria,Lagos,Budget,None,2023-12-17,Travel Agency,381,2026-05-25 09:39:38.626811,2026-05-25 09:39:38.779183
CUST0017,344ae061d54780815c11bf475603183d6f764ee524b6b34ddc6c662e8984a03a,Serge,Diallo,Serge Diallo,F,1978-09-12,47,45-54,Nigeria,Lagos,Business,Gold,2024-06-24,Travel Agency,191,2026-05-25 09:39:38.626811,2026-05-25 09:39:38.779183
CUST0018,a218753aa132579e54c4467dd0989f6c23afe7707910d8aefa0f1e04f8cd0df2,Koffi,Mensah,Koffi Mensah,M,1975-06-25,50,45-54,Benin,Cotonou,Standard,Silver,2023-12-04,Mobile App,394,2026-05-25 09:39:38.626811,2026-05-25 09:39:38.779183
CUST0019,06e5ec450c445fdd79f7696922bec640bf339e6a15c8361e440402f98fd522d0,Yao,Kouassi,Yao Kouassi,M,1979-04-17,46,45-54,France,Paris,Standard,None,2023-01-29,Travel Agency,703,2026-05-25 09:39:38.626811,2026-05-25 09:39:38.779183
CUST0020,25961ce55c49fe6252a2e03dfd02ef8da6c2cc0843e37dac6438f335bc58a7d2,Fatou,Kouassi,Fatou Kouassi,M,1993-12-12,32,25-34,Nigeria,Lagos,Budget,None,2024-04-26,Mobile App,250,2026-05-25 09:39:38.626811,2026-05-25 09:39:38.779183
CUST0021,4d84acfedb703cd53c74b61b342ed4c6f51c7cf997811039b164c72e9ba709e6,Yao,Kone,Yao Kone,F,1995-11-12,30,25-34,Senegal,Dakar,Business,None,2024-02-02,Mobile App,334,2026-05-25 09:39:38.626811,2026-05-25 09:39:38.779183
CUST0022,54861034b7dd7dc20bc95af07a947e4e7e088c17d8f483cd09b96cbe41e5678c,Mariam,Ouattara,Mariam Ouattara,M,1970-12-13,55,55+,Nigeria,Lagos,Standard,Gold,2023-06-12,Mobile App,569,2026-05-25 09:39:38.626811,2026-05-25 09:39:38.779183
CUST0023,0243d097e519fef38280f8a1af542581d067e7dc9186648a8c3f65b05ee011a8,Awa,Diallo,Awa Diallo,M,1974-10-27,51,45-54,Ghana,Accra,Business,Explorer,2024-07-15,Mobile App,170,2026-05-25 09:39:38.626811,2026-05-25 09:39:38.779183
CUST0024,7f8c989294fa7b662ba55953950c7c9db29ace80e19722c685bfbb4cb9978c62,Awa,Traore,Awa Traore,F,1992-04-27,33,25-34,Côte d'Ivoire,Abidjan,Budget,None,2024-05-28,Mobile App,218,2026-05-25 09:39:38.626811,2026-05-25 09:39:38.779183
CUST0025,5640bccb7db8a2219836fffa61e76289fec13cf5c4f6bcbc7d746ab13f3698ea,Jean,Mensah,Jean Mensah,M,1973-01-24,52,45-54,France,Paris,Business,Silver,2024-06-13,Corporate Desk,202,2026-05-25 09:39:38.626811,2026-05-25 09:39:38.779183
CUST0026,4647963802543d88edecf9bd3e520743c2f35fa2565b5eca8b8033b2bfec1c93,Mariam,Sow,Mariam Sow,F,1998-09-01,27,25-34,France,Paris,Business,Explorer,2023-06-03,Mobile App,578,2026-05-25 09:39:38.626811,2026-05-25 09:39:38.779183
CUST0027,4dd230c13002ab8ad94819f01cb57efac805c02c03fad10e6292593787a241ad,Nadia,Ndiaye,Nadia Ndiaye,F,2000-01-11,25,25-34,Ghana,Accra,Business,None,2024-07-27,Web,158,2026-05-25 09:39:38.626811,2026-05-25 09:39:38.779183
CUST0028,e91f7f67a179fed08c4143f7e6555664ef3294c56cdb71a389a6a7905ce9ce5e,Yao,Mensah,Yao Mensah,F,1971-09-15,54,45-54,Ghana,Accra,Business,Gold,2024-03-29,Travel Agency,278,2026-05-25 09:39:38.626811,2026-05-25 09:39:38.779183
CUST0029,fa7e2550cf2b6143ad6834d4baf347e755af7dd4db728b21f27c048c20dedd98,Bintou,Ndiaye,Bintou Ndiaye,F,1982-08-17,43,35-44,France,Paris,Standard,None,2024-06-19,Travel Agency,196,2026-05-25 09:39:38.626811,2026-05-25 09:39:38.779183
CUST0030,fde8334167ca4b61ae40d19ccf81e2e5a2295798e1a463837c02983c28d7207f,Yao,Kone,Yao Kone,F,1991-02-13,34,25-34,France,Paris,Standard,Silver,2024-03-14,Web,293,2026-05-25 09:39:38.626811,2026-05-25 09:39:38.779183
CUST0031,5671a9fc63081e63e1bc5288a2616c917750544262bd80d8a0e4f4167a2aa6da,Aminata,Mensah,Aminata Mensah,F,1974-12-21,51,45-54,Ghana,Accra,Budget,Gold,2024-04-23,Mobile App,253,2026-05-25 09:39:38.626811,2026-05-25 09:39:38.779183
CUST0032,3274157c695aa5170207703c432510967474c1a851b9830d43596fb68bedfeee,Koffi,Ouattara,Koffi Ouattara,M,1975-11-27,50,45-54,Benin,Cotonou,Budget,Explorer,2024-06-11,Corporate Desk,204,2026-05-25 09:39:38.626811,2026-05-25 09:39:38.779183
CUST0033,a30549fe7fbb294d924806dee87195e2db799c66397b7cfc3db1044888f95d3f,Amadou,Kouassi,Amadou Kouassi,M,1985-02-24,40,35-44,Senegal,Dakar,Budget,Explorer,2024-03-27,Web,280,2026-05-25 09:39:38.626811,2026-05-25 09:39:38.779183
CUST0034,5ca36c4233ca77dd4798665377aeb2b2b0342985d6e746cfa600fdd7b8d1ff44,Jean,Sow,Jean Sow,M,1997-02-04,28,25-34,Nigeria,Lagos,Premium,None,2023-09-29,Travel Agency,460,2026-05-25 09:39:38.626811,2026-05-25 09:39:38.779183
CUST0035,dd5f9eaf0ce62b557c249f8989175a48e0dfbe718e173f66790a8f8f7a8f0658,Mariam,Mensah,Mariam Mensah,F,1992-11-27,33,25-34,Côte d'Ivoire,Bouaké,Standard,Explorer,2024-06-11,Corporate Desk,204,2026-05-25 09:39:38.626811,2026-05-25 09:39:38.779183
CUST0036,5133b0d7cee0a39f5504ad9e8e30876d6c01a1a3f36a55c084c3738d6f01d263,Jean,Traore,Jean Traore,M,1968-12-06,57,55+,Benin,Cotonou,Business,None,2023-01-18,Web,714,2026-05-25 09:39:38.626811,2026-05-25 09:39:38.779183
CUST0037,75feacc3464631a6924dccf635b85ae1f328c46d235567ea86217be5779479ec,Koffi,Ndiaye,Koffi Ndiaye,F,1969-05-28,56,55+,Senegal,Dakar,Standard,None,2024-07-20,Corporate Desk,165,2026-05-25 09:39:38.626811,2026-05-25 09:39:38.779183
CUST0038,5c61d77c028b99fcde28802ffacfa3cc833541cf5746387dc31b6158f7ecc3f1,Didier,Diallo,Didier Diallo,F,1998-12-08,27,25-34,Senegal,Dakar,Premium,None,2023-07-05,Mobile App,546,2026-05-25 09:39:38.626811,2026-05-25 09:39:38.779183
CUST0039,e82dca3101626ee1902e16f08a17da69af0c8dfbd1e9156e82640e33d6c8576f,Aminata,Mensah,Aminata Mensah,F,1983-08-17,42,35-44,Senegal,Dakar,Standard,Silver,2023-09-14,Web,475,2026-05-25 09:39:38.626811,2026-05-25 09:39:38.779183
CUST0040,ef16a65ab605b984787307bab50db24571ee3868fcb88bc921eaff408f4a5b03,Awa,Sow,Awa Sow,F,1997-08-08,28,25-34,Côte d'Ivoire,Bouaké,Budget,Silver,2024-03-18,Corporate Desk,289,2026-05-25 09:39:38.626811,2026-05-25 09:39:38.779183
CUST0041,bb5709c4297abd11408e76504feb7bde4c0d3e90a92b6bd17fee8b94e5b32a91,Amadou,Sow,Amadou Sow,M,1978-04-11,47,45-54,France,Paris,Business,Silver,2024-10-13,Mobile App,80,2026-05-25 09:39:38.626811,2026-05-25 09:39:38.779183
CUST0042,89b21fcc0f4b3e3a285675049a17303e1a1b132ad61f744cf9a91512d9b4f2e2,Jean,Konan,Jean Konan,F,1965-02-21,60,55+,Nigeria,Lagos,Standard,None,2024-11-12,Corporate Desk,50,2026-05-25 09:39:38.626811,2026-05-25 09:39:38.779183
CUST0043,9369d5d7bba0b137bbd4b81f3a0d243e0d6c6165ec3cfee8d594a0bdaaeca089,Aminata,Mensah,Aminata Mensah,F,1983-01-15,42,35-44,France,Paris,Budget,Explorer,2023-09-27,Travel Agency,462,2026-05-25 09:39:38.626811,2026-05-25 09:39:38.779183
CUST0044,1c6a12ba34f1cf2efac449cf6db139db290c51e97f9d53caf5be91cb3df43410,Bintou,Amani,Bintou Amani,F,1967-05-07,58,55+,Senegal,Dakar,Budget,None,2023-03-27,Corporate Desk,646,2026-05-25 09:39:38.626811,2026-05-25 09:39:38.779183
CUST0045,195bb9bd10b6a1ed7f3f27e22fa5329fa7a5e743123d1c1b204e95cd1131f67d,Bintou,Kouassi,Bintou Kouassi,F,1997-01-03,28,25-34,Senegal,Dakar,Business,None,2024-08-23,Web,131,2026-05-25 09:39:38.626811,2026-05-25 09:39:38.779183
CUST0046,36c9443fec42e4e1d5a25d97a0c26ab0d003e9c41d85362c51d0a26bf05400ba,Awa,Mensah,Awa Mensah,M,1979-02-19,46,45-54,Nigeria,Lagos,Business,Silver,2024-09-02,Corporate Desk,121,2026-05-25 09:39:38.626811,2026-05-25 09:39:38.779183
CUST0047,4ced3702e90a25dda9ed339ba7457b932e8f95ce810de898e45031582ee24e35,Serge,Kone,Serge Kone,F,1983-12-20,42,35-44,Senegal,Dakar,Budget,Silver,2024-06-09,Corporate Desk,206,2026-05-25 09:39:38.626811,2026-05-25 09:39:38.779183
CUST0048,c326fff797c1de1a90145d86301028deac9d6dc6bc63b9d9caaa5c3bb6bcae12,Serge,Sow,Serge Sow,F,1998-09-19,27,25-34,Benin,Cotonou,Business,Explorer,2024-11-30,Mobile App,32,2026-05-25 09:39:38.626811,2026-05-25 09:39:38.779183
CUST0049,931dc5a2d8f4549cbf3b94bd21968d4c74d9101d1d63488166f4c77331c0e805,Awa,Konan,Awa Konan,F,1988-02-13,37,35-44,Côte d'Ivoire,Bouaké,Standard,Explorer,2024-10-03,Mobile App,90,2026-05-25 09:39:38.626811,2026-05-25 09:39:38.779183
CUST0050,b655f44c0d80cba84d21fa9c22cc135b945e924424e2d1419ccc016f17171c18,Fatou,Konan,Fatou Konan,M,1969-12-17,56,55+,Nigeria,Lagos,Business,None,2024-04-30,Travel Agency,246,2026-05-25 09:39:38.626811,2026-05-25 09:39:38.779183
CUST0051,79fc7caceb681fad740b897275824364ba1aacf77273e4a5ae983a6f0ea9ac20,Fatou,Kouassi,Fatou Kouassi,F,1979-12-21,46,45-54,Côte d'Ivoire,Bouaké,Standard,Explorer,2024-05-05,Travel Agency,241,2026-05-25 09:39:38.626811,2026-05-25 09:39:38.779183
CUST0052,072d9be522344022b2d0cdd3a228fa536b1aed5708470c62cd430abf94f014ff,Didier,Kouassi,Didier Kouassi,F,1974-06-09,51,45-54,Côte d'Ivoire,Yamoussoukro,Business,None,2024-08-04,Mobile App,150,2026-05-25 09:39:38.626811,2026-05-25 09:39:38.779183
CUST0053,ee567783eedecccb13dc9fad67631a4c35621b8859825425291e3d2e0d78a4a7,Nadia,Konan,Nadia Konan,M,1982-11-04,43,35-44,Côte d'Ivoire,Yamoussoukro,Standard,Explorer,2024-06-12,Travel Agency,203,2026-05-25 09:39:38.626811,2026-05-25 09:39:38.779183
CUST0054,d94e00be5a61e80288061633f4ef977ed463c3757e808f58512002432e3b0ff5,Nadia,Kone,Nadia Kone,F,2000-04-10,25,25-34,Nigeria,Lagos,Premium,None,2024-04-14,Web,262,2026-05-25 09:39:38.626811,2026-05-25 09:39:38.779183
CUST0055,2605f6bb8d8afe3e00fc65ab9f8c21eefb17fe65c881e988c2963af69fa31554,Nadia,Mensah,Nadia Mensah,M,1978-04-03,47,45-54,France,Paris,Budget,Explorer,2024-01-04,Mobile App,363,2026-05-25 09:39:38.626811,2026-05-25 09:39:38.779183
CUST0056,0df965f4c4cd1ba3c3f486a05d90893ea515f0368c1d59b390d755149823e1c9,Aminata,Sow,Aminata Sow,M,1972-12-12,53,45-54,France,Paris,Standard,Gold,2024-02-08,Web,328,2026-05-25 09:39:38.626811,2026-05-25 09:39:38.779183
CUST0057,604592e80f1acc4fe8de8be43b3f35bd7c54ea0d74a47277927740e73b1752fb,Awa,Kone,Awa Kone,M,1990-05-24,35,35-44,Ghana,Accra,Standard,Explorer,2023-05-04,Travel Agency,608,2026-05-25 09:39:38.626811,2026-05-25 09:39:38.779183
CUST0058,c9422ed449abe7921dffc00741c50be539a080daf626bb0f113861e283ef75c2,Jean,Amani,Jean Amani,M,1972-04-23,53,45-54,Côte d'Ivoire,Abidjan,Premium,None,2024-01-17,Web,350,2026-05-25 09:39:38.626811,2026-05-25 09:39:38.779183
CUST0059,f022c71d27d6106dfee420278ed5df780132235bd8990501fe57fc15509942b1,Amadou,Ndiaye,Amadou Ndiaye,F,1988-07-25,37,35-44,Nigeria,Lagos,Business,None,2023-02-22,Travel Agency,679,2026-05-25 09:39:38.626811,2026-05-25 09:39:38.779183
CUST0060,a6c957603c0bf175aba79d4424e4614a7a84b8c6cad6058bc80169993823f599,Mariam,Kouassi,Mariam Kouassi,M,1992-09-11,33,25-34,Benin,Cotonou,Business,Silver,2024-03-14,Web,293,2026-05-25 09:39:38.626811,2026-05-25 09:39:38.779183
CUST0061,3dafe7a3e06622b88a5073be27bac6aa664b6ce4f0688d4fe790999d2233b1f3,Amadou,Sow,Amadou Sow,F,1970-01-24,55,55+,Benin,Cotonou,Standard,Silver,2024-10-21,Travel Agency,72,2026-05-25 09:39:38.626811,2026-05-25 09:39:38.779183
CUST0062,2b75c5a090f57aea3e8cb9a5b5ba1832f770356a99a6ba631602731a95d83a49,Awa,Sow,Awa Sow,F,1975-08-14,50,45-54,Nigeria,Lagos,Standard,None,2024-10-30,Travel Agency,63,2026-05-25 09:39:38.626811,2026-05-25 09:39:38.779183
CUST0063,1a64f2cbf617b897fbefd8603cc503db0f0e6e848c02f24f9ff2b419c462097f,Aminata,Kouassi,Aminata Kouassi,M,1995-09-22,30,25-34,Nigeria,Lagos,Budget,Explorer,2023-03-18,Mobile App,655,2026-05-25 09:39:38.626811,2026-05-25 09:39:38.779183
CUST0064,6b83ede15c394aaa925e869317ae4083556d4a2ce3283b467a2d0a896387b766,Nadia,Sow,Nadia Sow,F,1993-06-25,32,25-34,France,Paris,Standard,Explorer,2023-09-07,Web,482,2026-05-25 09:39:38.626811,2026-05-25 09:39:38.779183
CUST0065,c4f686eb07f75b22435b633b867d2a3344a3c2b10b25095b5bf7c9b82553b929,Jean,Sow,Jean Sow,F,1985-04-12,40,35-44,Ghana,Accra,Business,None,2023-01-21,Corporate Desk,711,2026-05-25 09:39:38.626811,2026-05-25 09:39:38.779183
CUST0066,f695e7596ab6cd5e829c363e534bdeb828729aaeb46ac3624fcc15277eea8911,Amadou,Sow,Amadou Sow,F,1989-05-11,36,35-44,Nigeria,Lagos,Standard,Explorer,2024-01-04,Mobile App,363,2026-05-25 09:39:38.626811,2026-05-25 09:39:38.779183
CUST0067,19166643f1d5e59615cb2eafe7705e50472eac584cd1e9a461e9700c8d53926f,Bintou,Sow,Bintou Sow,F,1970-05-08,55,55+,Benin,Cotonou,Standard,Explorer,2023-11-16,Web,412,2026-05-25 09:39:38.626811,2026-05-25 09:39:38.779183
CUST0068,eccf2bbad131a7909b9631a60240791312443db216179f3ed944e8b24a467b8e,Awa,Ouattara,Awa Ouattara,M,1996-01-03,29,25-34,Ghana,Accra,Premium,Gold,2024-06-24,Corporate Desk,191,2026-05-25 09:39:38.626811,2026-05-25 09:39:38.779183
CUST0069,776554dabcab1e3a091a50fe476bce0afa931ee514f677d9c5083997f7eabd22,Yao,Traore,Yao Traore,F,1974-03-17,51,45-54,Nigeria,Lagos,Premium,Silver,2024-10-24,Corporate Desk,69,2026-05-25 09:39:38.626811,2026-05-25 09:39:38.779183
CUST0070,ec8093ba74169f419cc9bbb872cc86fa431e4fd8b38340209fd10a461c1aa08b,Bintou,Konan,Bintou Konan,F,1973-04-19,52,45-54,Côte d'Ivoire,Abidjan,Standard,None,2023-05-12,Travel Agency,600,2026-05-25 09:39:38.626811,2026-05-25 09:39:38.779183
CUST0071,e5b81a92c3e978c78ccb5949b4713f95bd6215cadf30a9504cbd39c49bb4a1fb,Aminata,Ouattara,Aminata Ouattara,F,1971-02-10,54,45-54,France,Paris,Standard,None,2024-09-07,Web,116,2026-05-25 09:39:38.626811,2026-05-25 09:39:38.779183
CUST0072,4d9ee9a07c4fcf17db9a1a8708007d819ae78835d9b833e8617bb97824345dc5,Bintou,Mensah,Bintou Mensah,M,1982-06-21,43,35-44,Côte d'Ivoire,Abidjan,Standard,None,2023-09-10,Web,479,2026-05-25 09:39:38.626811,2026-05-25 09:39:38.779183
CUST0073,c67256e9de20c365677eb39e4dcc28f120c4b0adf57d5dc5cf984cce0ddb6f2b,Serge,Mensah,Serge Mensah,F,1966-04-16,59,55+,Nigeria,Lagos,Budget,None,2024-03-10,Travel Agency,297,2026-05-25 09:39:38.626811,2026-05-25 09:39:38.779183
CUST0074,f42692be7be7c1b9197d1045633e7bf50dff726d91c3752550867ddfc6cc8e21,Nadia,Konan,Nadia Konan,M,1991-06-22,34,25-34,Ghana,Accra,Budget,Silver,2024-05-31,Web,215,2026-05-25 09:39:38.626811,2026-05-25 09:39:38.779183
CUST0075,42e525d530be5998ca17b9fca8e52051a210171e92805fd32e36a6ac69d7247c,Nadia,Kouassi,Nadia Kouassi,M,1977-04-15,48,45-54,Ghana,Accra,Standard,Gold,2023-04-22,Corporate Desk,620,2026-05-25 09:39:38.626811,2026-05-25 09:39:38.779183
CUST0076,cbf0d40c6d0c784fda35ab52aba42355c407af6d5b74ed05fe823e4fa553d379,Mariam,Kouassi,Mariam Kouassi,M,1991-11-02,34,25-34,France,Paris,Premium,None,2023-01-25,Mobile App,707,2026-05-25 09:39:38.626811,2026-05-25 09:39:38.779183
CUST0077,70b7d15d7fa1e6004f1d6f54f1665143400255c9fed0dc3c477c5073966baa92,Awa,Konan,Awa Konan,F,1990-08-23,35,35-44,Nigeria,Lagos,Business,Gold,2023-06-19,Travel Agency,562,2026-05-25 09:39:38.626811,2026-05-25 09:39:38.779183
CUST0078,1a8227a7eaf12f2bb551c7536b854d26588c756d83af61ee7feaa7200bd0b754,Mariam,Sow,Mariam Sow,M,1967-05-22,58,55+,Ghana,Accra,Business,Gold,2024-03-29,Mobile App,278,2026-05-25 09:39:38.626811,2026-05-25 09:39:38.779183
CUST0079,4bdb9f8edbc50d3b8a47f20ad0b0093d81d492cfb01b55bb6701c9192b587bcf,Awa,Traore,Awa Traore,M,1970-06-14,55,55+,Côte d'Ivoire,Abidjan,Standard,Silver,2024-01-25,Travel Agency,342,2026-05-25 09:39:38.626811,2026-05-25 09:39:38.779183
CUST0080,b304bb117e1a696ccf6ad819d9b9467dfd024d233171546038a5bdddfe67a625,Amadou,Traore,Amadou Traore,F,1995-04-12,30,25-34,Senegal,Dakar,Budget,Explorer,2024-04-30,Web,246,2026-05-25 09:39:38.626811,2026-05-25 09:39:38.779183
CUST0081,0c622be3033cca202d4d84712fa316e6f8daeeee92f692ef0e68de246c3d8e45,Amadou,Kouassi,Amadou Kouassi,M,1967-07-02,58,55+,Benin,Cotonou,Budget,Gold,2023-09-21,Mobile App,468,2026-05-25 09:39:38.626811,2026-05-25 09:39:38.779183
CUST0082,0963c04f104f41708cb1c9b6e31c352cfee97e7d59c9e5e266af948e0ef8d49a,Koffi,Ndiaye,Koffi Ndiaye,M,1988-05-11,37,35-44,Benin,Cotonou,Standard,Silver,2023-11-21,Travel Agency,407,2026-05-25 09:39:38.626811,2026-05-25 09:39:38.779183
CUST0083,a7f45da42183129e0bb5868f33d2e92898b7ec830dfdac6271c70f180a134489,Awa,Ndiaye,Awa Ndiaye,F,1966-04-04,59,55+,Senegal,Dakar,Business,Explorer,2024-01-31,Travel Agency,336,2026-05-25 09:39:38.626811,2026-05-25 09:39:38.779183
CUST0084,23985b0ecd9ded9af898b57fa62b48e8c0d9e5d52a6e515f9bf92e6c56d52e9a,Nadia,Diallo,Nadia Diallo,M,1976-01-26,49,45-54,Nigeria,Lagos,Business,Silver,2024-09-13,Mobile App,110,2026-05-25 09:39:38.626811,2026-05-25 09:39:38.779183
CUST0085,fd86816eb59d2ec264d1c6d3482cd2e0794fc1d18a8cbe5ab49294df7fc57d75,Jean,Kone,Jean Kone,M,1970-09-07,55,55+,Senegal,Dakar,Business,None,2023-03-08,Web,665,2026-05-25 09:39:38.626811,2026-05-25 09:39:38.779183
CUST0086,961409c49657b016435fc6fb3330a671b8576dbec5d5dff423e0f54b0805e1c8,Bintou,Sow,Bintou Sow,M,1975-07-04,50,45-54,Nigeria,Lagos,Standard,None,2023-04-09,Corporate Desk,633,2026-05-25 09:39:38.626811,2026-05-25 09:39:38.779183
CUST0087,df951915297ce89ba6b98e18c5ed498ac4c36500c00accb970e8b2e16c41015b,Serge,Kone,Serge Kone,F,1979-03-14,46,45-54,Nigeria,Lagos,Standard,Silver,2024-07-05,Web,180,2026-05-25 09:39:38.626811,2026-05-25 09:39:38.779183
CUST0088,6f5c7bb531e6faa5b30c4257ad1e78bb5524f91b6e44ea94adca33934c302411,Fatou,Mensah,Fatou Mensah,M,1988-05-24,37,35-44,Senegal,Dakar,Budget,None,2023-09-09,Mobile App,480,2026-05-25 09:39:38.626811,2026-05-25 09:39:38.779183
CUST0089,a6d1e29920e24f62c961c52777d3041375e35858cfb02e585790354563f873c5,Fatou,Ndiaye,Fatou Ndiaye,F,1985-02-13,40,35-44,Ghana,Accra,Premium,Explorer,2023-08-25,Web,495,2026-05-25 09:39:38.626811,2026-05-25 09:39:38.779183
CUST0090,4de314292c083c17ec5bfd0fb8e2a0d2a6620bda4d7540365662c9cf92faa3bd,Nadia,Konan,Nadia Konan,F,1965-08-27,60,55+,Benin,Cotonou,Business,Gold,2023-02-11,Travel Agency,690,2026-05-25 09:39:38.626811,2026-05-25 09:39:38.779183
CUST0091,a08205a9da385dbcd42af7ee2bb4155868517066b234e555ccd402e46b527a63,Koffi,Konan,Koffi Konan,F,1977-02-12,48,45-54,Ghana,Accra,Standard,None,2024-11-11,Web,51,2026-05-25 09:39:38.626811,2026-05-25 09:39:38.779183
CUST0092,af531adadbf3396d1c8f2f96ec4b89ed27a0de94800b169620f1b029b240c568,Aminata,Ndiaye,Aminata Ndiaye,M,1978-01-12,47,45-54,Côte d'Ivoire,Bouaké,Budget,None,2023-09-19,Web,470,2026-05-25 09:39:38.626811,2026-05-25 09:39:38.779183
CUST0093,01123065b1e386e1c55f3611a14b77abac62d19a674d708b17d71d439c6affed,Serge,Kouassi,Serge Kouassi,F,1985-07-22,40,35-44,France,Paris,Budget,None,2023-07-28,Web,523,2026-05-25 09:39:38.626811,2026-05-25 09:39:38.779183
CUST0094,a9925d6b5a32c12567e2c6f88fcdecac2a090da3d19b850eda444d5deaebfabf,Bintou,Kone,Bintou Kone,F,1991-02-26,34,25-34,Nigeria,Lagos,Business,None,2024-06-30,Web,185,2026-05-25 09:39:38.626811,2026-05-25 09:39:38.779183
CUST0095,c572f50d01499ba64f95a4fb2ab0dfc5cab906d1b33ce7caea568cb2d3d7cedf,Mariam,Ouattara,Mariam Ouattara,M,1991-05-22,34,25-34,Benin,Cotonou,Standard,None,2024-08-03,Travel Agency,151,2026-05-25 09:39:38.626811,2026-05-25 09:39:38.779183
CUST0096,df0aa4e91d53120a4c12967790e057f275b6007a9898ffbc8c667bc6b59b94d5,Amadou,Konan,Amadou Konan,M,1977-07-24,48,45-54,Nigeria,Lagos,Standard,None,2023-06-10,Corporate Desk,571,2026-05-25 09:39:38.626811,2026-05-25 09:39:38.779183
CUST0097,6569f866e835eb8ddf8c44e5b90fd7afbf5c6e2a1656879f5ab3c1481a730b5a,Koffi,Ouattara,Koffi Ouattara,M,1994-03-05,31,25-34,Côte d'Ivoire,Abidjan,Budget,None,2024-02-11,Web,325,2026-05-25 09:39:38.626811,2026-05-25 09:39:38.779183
CUST0098,3f0bfdeaeb37d7d91421da83880da6a02657c36d384dbc5a089edd6d90964dd2,Didier,Amani,Didier Amani,F,1974-06-10,51,45-54,France,Paris,Standard,Gold,2023-04-22,Corporate Desk,620,2026-05-25 09:39:38.626811,2026-05-25 09:39:38.779183
CUST0099,096f673ec6c0739617329767916d694197d29a0a0ec0e4235795e8abd0f93b69,Yao,Mensah,Yao Mensah,F,1967-08-11,58,55+,Nigeria,Lagos,Standard,Explorer,2023-03-30,Mobile App,643,2026-05-25 09:39:38.626811,2026-05-25 09:39:38.779183
CUST0100,a10ca7320634e867968f4746b73fd31aaaeaea1f46f6877a36c1a05a2a067205,Yao,Ndiaye,Yao Ndiaye,M,1977-08-06,48,45-54,Benin,Cotonou,Budget,Gold,2023-06-10,Corporate Desk,571,2026-05-25 09:39:38.626811,2026-05-25 09:39:38.779183
CUST0101,3ffa0432e2307c66b8ab76fa2993e3bba78f1c4b60f13132b0e5c81cf51ee038,Koffi,Diallo,Koffi Diallo,F,1977-01-18,48,45-54,Senegal,Dakar,Business,None,2024-02-04,Corporate Desk,332,2026-05-25 09:39:38.626811,2026-05-25 09:39:38.779183
CUST0102,bf1c1dc42a4dfa4038001610fdee70e01ccc524b4060ecff863b620903faa3c5,Aminata,Mensah,Aminata Mensah,M,1984-10-08,41,35-44,France,Paris,Standard,Explorer,2024-05-30,Corporate Desk,216,2026-05-25 09:39:38.626811,2026-05-25 09:39:38.779183
CUST0103,3373b294051a88334c35a431e3979d750e1cc1ead73eed8c24b8e5f398c5b68f,Awa,Konan,Awa Konan,M,1994-04-15,31,25-34,Ghana,Accra,Business,Silver,2024-02-14,Web,322,2026-05-25 09:39:38.626811,2026-05-25 09:39:38.779183
CUST0104,6813a785ec1b28909ccf713098110abeb6f1472356d44a308b64f250e2441303,Mariam,Amani,Mariam Amani,M,1988-02-26,37,35-44,Côte d'Ivoire,Bouaké,Standard,Silver,2023-02-11,Mobile App,690,2026-05-25 09:39:38.626811,2026-05-25 09:39:38.779183
CUST0105,ccabdcf647292857d8273dabc468e80b542f08e686f1f0802a0b179caf534c27,Serge,Amani,Serge Amani,F,1968-09-13,57,55+,Côte d'Ivoire,Yamoussoukro,Premium,None,2023-03-09,Web,664,2026-05-25 09:39:38.626811,2026-05-25 09:39:38.779183
CUST0106,eccd2d9ad86ea62127e93941fa405c017c98451e13310a4d1c6766fbafbce0cd,Mariam,Kone,Mariam Kone,M,1975-11-26,50,45-54,Ghana,Accra,Budget,Explorer,2023-09-16,Mobile App,473,2026-05-25 09:39:38.626811,2026-05-25 09:39:38.779183
CUST0107,7447d2603c2c424b005b4f8a60ce9ec234b08fd94efb2c0aca0c232f5fe8211a,Didier,Mensah,Didier Mensah,M,1974-05-17,51,45-54,Senegal,Dakar,Standard,None,2024-06-02,Mobile App,213,2026-05-25 09:39:38.626811,2026-05-25 09:39:38.779183
CUST0108,2ac07abd362acce3ef7b3658191b111f10bc4a4c03ed50e940d4e31e8d14e24d,Jean,Konan,Jean Konan,F,1976-07-06,49,45-54,Senegal,Dakar,Business,Gold,2023-06-22,Travel Agency,559,2026-05-25 09:39:38.626811,2026-05-25 09:39:38.779183
CUST0109,0865096f485ac85baef111663fa380fb6362a932b275c960017cad4f3ae935a9,Bintou,Konan,Bintou Konan,M,1993-09-17,32,25-34,Côte d'Ivoire,Yamoussoukro,Business,Gold,2023-09-16,Corporate Desk,473,2026-05-25 09:39:38.626811,2026-05-25 09:39:38.779183
CUST0110,1aaf0bf1a9d67c8c5138d743ebca9115487648543232797ce30e0d5401f4fadf,Jean,Mensah,Jean Mensah,M,1988-10-05,37,35-44,Benin,Cotonou,Standard,None,2023-08-24,Mobile App,496,2026-05-25 09:39:38.626811,2026-05-25 09:39:38.779183
CUST0111,b2d1279911ea618697f12db41fd6d63e406d1824d39f5d68c2d42fd6451d1fe0,Serge,Konan,Serge Konan,M,1998-05-10,27,25-34,France,Paris,Business,Silver,2023-08-15,Mobile App,505,2026-05-25 09:39:38.626811,2026-05-25 09:39:38.779183
CUST0112,f7b7366c35eeee5520f92910a82af2530681d9b63223243dce3d3647735f5186,Didier,Ouattara,Didier Ouattara,M,1997-06-02,28,25-34,Senegal,Dakar,Standard,Explorer,2023-02-16,Web,685,2026-05-25 09:39:38.626811,2026-05-25 09:39:38.779183
CUST0113,40ce1a908d5dcc6a9fcfa497be203b2e5b267b11b229eadff822302f4a66ac43,Awa,Ndiaye,Awa Ndiaye,M,1984-02-17,41,35-44,Côte d'Ivoire,Bouaké,Standard,Explorer,2023-11-05,Mobile App,423,2026-05-25 09:39:38.626811,2026-05-25 09:39:38.779183
CUST0114,b91031ae003ba53af5f101e9bab7210e51fe0ce4f69d2d516ad3211307f0cd6d,Jean,Ndiaye,Jean Ndiaye,M,1975-03-01,50,45-54,Ghana,Accra,Business,Explorer,2023-03-07,Mobile App,666,2026-05-25 09:39:38.626811,2026-05-25 09:39:38.779183
CUST0115,d198394608a31e43d8424102bb92133afd20a189d33022b3c2c8c25e679479a6,Fatou,Ouattara,Fatou Ouattara,M,1965-01-21,60,55+,Benin,Cotonou,Standard,Explorer,2024-09-08,Corporate Desk,115,2026-05-25 09:39:38.626811,2026-05-25 09:39:38.779183
CUST0116,944be55205b600047fd2d8e6cda4320b67395b3ee6906b98ca3cf90154546c87,Mariam,Konan,Mariam Konan,F,1968-09-01,57,55+,Ghana,Accra,Budget,None,2023-04-18,Web,624,2026-05-25 09:39:38.626811,2026-05-25 09:39:38.779183
CUST0117,2348e848b9e41951c161b494f498b6b5e113374487f071dd53e52bb5e960064b,Bintou,Kouassi,Bintou Kouassi,F,1991-04-17,34,25-34,France,Paris,Business,None,2023-11-13,Web,415,2026-05-25 09:39:38.626811,2026-05-25 09:39:38.779183
CUST0118,56d5d54150e778444ffd012068b15e5d8dc71388a2dd09a7ee37f2cb9a7b3975,Aminata,Konan,Aminata Konan,M,1999-01-13,26,25-34,Senegal,Dakar,Business,Explorer,2024-11-02,Corporate Desk,60,2026-05-25 09:39:38.626811,2026-05-25 09:39:38.779183
CUST0119,84431cd2fa19b38cfe31d24a54d9da41da054374a761dca293387183aa8e100c,Yao,Traore,Yao Traore,M,1979-11-02,46,45-54,Ghana,Accra,Standard,Silver,2023-09-27,Web,462,2026-05-25 09:39:38.626811,2026-05-25 09:39:38.779183
CUST0120,304a3f40efe725cbf2744290b0860de129f2d3555b6e0517fd629d4da23487ab,Aminata,Sow,Aminata Sow,M,1998-05-10,27,25-34,Senegal,Dakar,Budget,Explorer,2023-06-23,Travel Agency,558,2026-05-25 09:39:38.626811,2026-05-25 09:39:38.779183
CUST0121,be594c547d064962e8d6c9b87e0b864d13e8a48f9a1be1e1df3d60db54f2f06e,Serge,Kouassi,Serge Kouassi,F,1985-04-13,40,35-44,Ghana,Accra,Standard,Explorer,2024-10-07,Corporate Desk,86,2026-05-25 09:39:38.626811,2026-05-25 09:39:38.779183
CUST0122,e23bd94b216690e739cc0986c39cde6fdc6ad7438fb8229b465bebd30bc8a375,Bintou,Konan,Bintou Konan,F,1992-12-08,33,25-34,Nigeria,Lagos,Business,Explorer,2024-08-22,Web,132,2026-05-25 09:39:38.626811,2026-05-25 09:39:38.779183
CUST0123,17fe34ec09f49078a9898fd71c63fcee20d06cc9ae7eb950e6675e7afd300184,Mariam,Diallo,Mariam Diallo,F,1966-02-04,59,55+,France,Paris,Standard,None,2023-01-30,Web,702,2026-05-25 09:39:38.626811,2026-05-25 09:39:38.779183
CUST0124,99a3095ada26093c0f955b8c3d29f06b1b02c7fdd44252a7ac1bb5fe2d0b89e5,Mariam,Konan,Mariam Konan,F,1967-02-28,58,55+,Côte d'Ivoire,Yamoussoukro,Business,None,2024-06-30,Web,185,2026-05-25 09:39:38.626811,2026-05-25 09:39:38.779183
CUST0125,33c6d746dfe409ecf823e9e4eb7eca2771274a4852f0a8cfdec4fc296a5f6ecd,Amadou,Traore,Amadou Traore,F,1978-04-04,47,45-54,Benin,Cotonou,Budget,Silver,2024-10-11,Web,82,2026-05-25 09:39:38.626811,2026-05-25 09:39:38.779183
CUST0126,b8b9f7306ca17fc7f9597dc8263b87db61d6b9d711ff051b03fe1a0da666ff51,Aminata,Mensah,Aminata Mensah,M,1971-03-04,54,45-54,Benin,Cotonou,Standard,None,2023-09-25,Web,464,2026-05-25 09:39:38.626811,2026-05-25 09:39:38.779183
CUST0127,a98602dfc7b523015f34d4ea979d61659706b2d1299ed319b2c2c6d6e059dc63,Fatou,Mensah,Fatou Mensah,F,1988-06-25,37,35-44,Senegal,Dakar,Business,Explorer,2023-02-01,Corporate Desk,700,2026-05-25 09:39:38.626811,2026-05-25 09:39:38.779183
CUST0128,4e21d83a7660d74965dcf5289e8b055fc6f7cd9ec097848bace9bc5aa80bd229,Amadou,Sow,Amadou Sow,F,1987-08-23,38,35-44,Côte d'Ivoire,Abidjan,Standard,None,2023-04-04,Travel Agency,638,2026-05-25 09:39:38.626811,2026-05-25 09:39:38.779183
CUST0129,a523d62cb572b3e7d797d918282a42e425d4b70b7b581e9ecee34b18af8411de,Amadou,Konan,Amadou Konan,F,1983-01-01,42,35-44,Ghana,Accra,Standard,Explorer,2023-07-08,Corporate Desk,543,2026-05-25 09:39:38.626811,2026-05-25 09:39:38.779183
CUST0130,3f6cd29650830ada6ed70a5734c0f3e5db0c23d4ecf7e72c9786230f6c952ff2,Jean,Sow,Jean Sow,M,1975-05-27,50,45-54,France,Paris,Premium,None,2023-06-19,Web,562,2026-05-25 09:39:38.626811,2026-05-25 09:39:38.779183
CUST0131,00cb62e05240c8ff01468162fd3f742350d730f35fbe0d8963ce0340bd54bc94,Koffi,Kone,Koffi Kone,F,1985-06-04,40,35-44,Benin,Cotonou,Premium,Gold,2023-03-30,Corporate Desk,643,2026-05-25 09:39:38.626811,2026-05-25 09:39:38.779183
CUST0132,2d392abe6dd2d95c528281f61f14281edb82ddf3b5632d26349f74d47a5bd764,Awa,Amani,Awa Amani,F,1984-05-14,41,35-44,Benin,Cotonou,Standard,Gold,2023-08-28,Corporate Desk,492,2026-05-25 09:39:38.626811,2026-05-25 09:39:38.779183
CUST0133,9ea16008e97b686eac34b39f29fc2f240f848575dbae03b1fa40b47e3c2dccda,Bintou,Ndiaye,Bintou Ndiaye,F,1987-10-11,38,35-44,Ghana,Accra,Business,Explorer,2024-07-21,Travel Agency,164,2026-05-25 09:39:38.626811,2026-05-25 09:39:38.779183
CUST0134,c1005c93b81fde175883eca4e705417b99137d730d2afc1d32029fd4ff203f97,Nadia,Kone,Nadia Kone,M,1979-03-11,46,45-54,Ghana,Accra,Standard,Silver,2024-06-03,Mobile App,212,2026-05-25 09:39:38.626811,2026-05-25 09:39:38.779183
CUST0135,7645f0a96741502d65a3c16397ea17a13b63715fd803f9732639da2607219a57,Fatou,Ndiaye,Fatou Ndiaye,F,1974-04-24,51,45-54,Senegal,Dakar,Standard,None,2023-08-30,Travel Agency,490,2026-05-25 09:39:38.626811,2026-05-25 09:39:38.779183
CUST0136,aa1c0399752a726f26e95a3d6fc6252dea03d4047a005fa56a0cf17260f80d05,Fatou,Traore,Fatou Traore,F,1971-04-13,54,45-54,Ghana,Accra,Premium,Silver,2023-11-01,Corporate Desk,427,2026-05-25 09:39:38.626811,2026-05-25 09:39:38.779183
CUST0137,0c7d269d315372eee45e8bad094f55710c3149813c175ad48085ee70ac291442,Yao,Traore,Yao Traore,F,1982-04-13,43,35-44,Senegal,Dakar,Budget,Explorer,2024-03-23,Mobile App,284,2026-05-25 09:39:38.626811,2026-05-25 09:39:38.779183
CUST0138,04de453e23d045de9c2fa4cfce968faca5f50b868a39f1cf1c40a79badbd2839,Aminata,Mensah,Aminata Mensah,M,1966-03-09,59,55+,France,Paris,Budget,None,2024-03-16,Corporate Desk,291,2026-05-25 09:39:38.626811,2026-05-25 09:39:38.779183
CUST0139,4e2476fa42c6dbc7ec81efe739c3d6cd4c9bcee0e7c7b6a5c0dab22f14e47e2d,Aminata,Ndiaye,Aminata Ndiaye,F,1976-11-04,49,45-54,Ghana,Accra,Standard,None,2023-04-11,Corporate Desk,631,2026-05-25 09:39:38.626811,2026-05-25 09:39:38.779183
CUST0140,7174e2e2ec412b9613da3bdc0a270d4f3449a649b91decdc360e0e964dba2f92,Amadou,Diallo,Amadou Diallo,M,1992-08-15,33,25-34,Ghana,Accra,Standard,Explorer,2024-11-22,Mobile App,40,2026-05-25 09:39:38.626811,2026-05-25 09:39:38.779183
CUST0141,b076cbd41db3a06bb72da446ea174594560b248dffa29d204a3df250245837a7,Jean,Konan,Jean Konan,M,1996-02-02,29,25-34,Benin,Cotonou,Standard,None,2023-07-24,Travel Agency,527,2026-05-25 09:39:38.626811,2026-05-25 09:39:38.779183
CUST0142,c42b4d5e89a7d3e8847acc4136100cc3bd43d192eb02469f96fddf74bead7728,Didier,Kone,Didier Kone,F,1995-09-01,30,25-34,Côte d'Ivoire,Yamoussoukro,Business,Explorer,2023-12-18,Corporate Desk,380,2026-05-25 09:39:38.626811,2026-05-25 09:39:38.779183
CUST0143,e9d6d154bfcd065ac08b2e6a35dd6f21d1f6424b8573620c9b0d3a82750fdde5,Nadia,Kouassi,Nadia Kouassi,F,1990-09-25,35,35-44,Benin,Cotonou,Business,Explorer,2024-10-14,Web,79,2026-05-25 09:39:38.626811,2026-05-25 09:39:38.779183
CUST0144,a2270917274ea6a8e42a9a50a7b128148798b5c7c526a77051c8be2da19ad2f0,Fatou,Ouattara,Fatou Ouattara,M,1968-01-03,57,55+,Senegal,Dakar,Premium,Explorer,2024-11-22,Travel Agency,40,2026-05-25 09:39:38.626811,2026-05-25 09:39:38.779183
CUST0145,e01a224fd4e506554951bebe55ddd3507f5ba417d2f7be2ae8f7dfdbf1fdbe90,Fatou,Traore,Fatou Traore,F,1984-12-13,41,35-44,France,Paris,Premium,Gold,2024-04-18,Mobile App,258,2026-05-25 09:39:38.626811,2026-05-25 09:39:38.779183
CUST0146,e52e138c6975df7535f98b8d5d7f108f5f103f4c6df9b37eb5663f92171ce814,Mariam,Traore,Mariam Traore,F,1995-11-18,30,25-34,Ghana,Accra,Business,None,2024-11-13,Corporate Desk,49,2026-05-25 09:39:38.626811,2026-05-25 09:39:38.779183
CUST0147,06bdda6af1f4d8a3b6a95662e8944471eb2de45565d693fd3746f40e4d7a799f,Fatou,Sow,Fatou Sow,F,1995-06-26,30,25-34,Nigeria,Lagos,Standard,Explorer,2023-09-17,Corporate Desk,472,2026-05-25 09:39:38.626811,2026-05-25 09:39:38.779183
CUST0148,90b31f09d8e2b504d22a08e5c94ad11e4d8ee651c6793a4656f066aff0109ee4,Mariam,Kone,Mariam Kone,F,1982-06-08,43,35-44,Benin,Cotonou,Standard,Explorer,2024-09-30,Web,93,2026-05-25 09:39:38.626811,2026-05-25 09:39:38.779183
CUST0149,abfb1eb3fd28be58880a32554dcdb4e7862e80e1d4e8e87345b4398c0a0dea3b,Jean,Diallo,Jean Diallo,M,1989-01-03,36,35-44,Benin,Cotonou,Business,None,2023-12-20,Web,378,2026-05-25 09:39:38.626811,2026-05-25 09:39:38.779183
CUST0150,2d6dc2746e09739f080a4e25f620ad7048e9e4d46e2a82d34cf4f45bfa1e7470,Awa,Kouassi,Awa Kouassi,F,1983-05-20,42,35-44,Benin,Cotonou,Standard,Gold,2023-07-10,Corporate Desk,541,2026-05-25 09:39:38.626811,2026-05-25 09:39:38.779183
CUST0151,cf94e3352f58934664b11b5f2afad4ee5b864912e719a35432d212349e0f7b6e,Mariam,Kouassi,Mariam Kouassi,M,1999-03-20,26,25-34,Senegal,Dakar,Business,Gold,2024-10-13,Travel Agency,80,2026-05-25 09:39:38.626811,2026-05-25 09:39:38.779183
CUST0152,846c61738770e2e42d8b80ac4bce86193da1e7e5957b03abb64aea9610f07aeb,Nadia,Kouassi,Nadia Kouassi,F,1993-11-04,32,25-34,Ghana,Accra,Standard,None,2023-05-23,Corporate Desk,589,2026-05-25 09:39:38.626811,2026-05-25 09:39:38.779183
CUST0153,a1c942dbad0761a914fb30591f71e461bf1224e431bf04244ffd6df4e9392a57,Bintou,Konan,Bintou Konan,M,1994-03-23,31,25-34,Nigeria,Lagos,Standard,None,2024-09-05,Web,118,2026-05-25 09:39:38.626811,2026-05-25 09:39:38.779183
CUST0154,1ce667464583f815ea81fb0b6183f181605931bf9a0c49fd9876b2c7d5d3389f,Jean,Kone,Jean Kone,M,1983-08-12,42,35-44,Ghana,Accra,Standard,Gold,2023-03-19,Mobile App,654,2026-05-25 09:39:38.626811,2026-05-25 09:39:38.779183
CUST0155,fdd14578988b81b7333aa6c356561309d710312bb35072cc50cef6e0c25ab2e5,Jean,Konan,Jean Konan,F,1967-11-24,58,55+,Benin,Cotonou,Business,None,2024-05-10,Corporate Desk,236,2026-05-25 09:39:38.626811,2026-05-25 09:39:38.779183
CUST0156,895c2a36ee1f18372b888162e8ad07f0e3bcee2b9ece1aadbbddd0dc93bbbfc9,Awa,Kouassi,Awa Kouassi,M,1973-06-04,52,45-54,Ghana,Accra,Standard,Silver,2024-07-21,Mobile App,164,2026-05-25 09:39:38.626811,2026-05-25 09:39:38.779183
CUST0157,289d189184b72625086b61c68ded581d3099c5663184d1b8682a2464643b6c62,Amadou,Amani,Amadou Amani,M,1981-09-02,44,35-44,Senegal,Dakar,Standard,Silver,2024-02-18,Travel Agency,318,2026-05-25 09:39:38.626811,2026-05-25 09:39:38.779183
CUST0158,a4774b377a52d3cc96f1a7e9d59d22ffdf7a643a2c0abc1e578b21c450969205,Fatou,Sow,Fatou Sow,M,1978-11-16,47,45-54,France,Paris,Standard,None,2023-11-03,Mobile App,425,2026-05-25 09:39:38.626811,2026-05-25 09:39:38.779183
CUST0159,4649889888b2d274d507c34fb3c592a8c04932e31c0ae191b36f17b3ddc7d89b,Aminata,Traore,Aminata Traore,F,1990-12-18,35,35-44,France,Paris,Standard,None,2023-11-04,Web,424,2026-05-25 09:39:38.626811,2026-05-25 09:39:38.779183
CUST0160,0fe6ad564c83d873edcde5eb1a05d2fe2046e8b283b35f88c5caa596958397fa,Awa,Kouassi,Awa Kouassi,M,1968-09-18,57,55+,Côte d'Ivoire,Yamoussoukro,Standard,None,2024-11-20,Web,42,2026-05-25 09:39:38.626811,2026-05-25 09:39:38.779183
CUST0161,62d60cda008ab070ccffc13dbc8e2e25090fa895b945da9989dd19d285052586,Awa,Kone,Awa Kone,F,1971-11-06,54,45-54,Ghana,Accra,Standard,None,2024-11-02,Web,60,2026-05-25 09:39:38.626811,2026-05-25 09:39:38.779183
CUST0162,ab782bf8782591bb9fb8ad031c7dfc2900e17188f47fb122ad4d5df5978ec06d,Mariam,Mensah,Mariam Mensah,M,1984-03-14,41,35-44,Senegal,Dakar,Standard,Explorer,2024-10-19,Web,74,2026-05-25 09:39:38.626811,2026-05-25 09:39:38.779183
CUST0163,deaf533376a01ebbb1c68c3dc4c73160116ac155bdcfd762cfe3aaaa81053b18,Didier,Sow,Didier Sow,F,1972-07-19,53,45-54,Nigeria,Lagos,Standard,None,2024-02-01,Mobile App,335,2026-05-25 09:39:38.626811,2026-05-25 09:39:38.779183
CUST0164,7e63c4cd649ae31a8b5f362818007f54e7e92234458297875e0bec40945b53c2,Amadou,Sow,Amadou Sow,F,1970-11-16,55,55+,Nigeria,Lagos,Business,Explorer,2024-03-13,Web,294,2026-05-25 09:39:38.626811,2026-05-25 09:39:38.779183
CUST0165,6a3e7a6ef562e03a41a0df0eb131e14e6560f33392cb92b0a83f19156ec63ec7,Aminata,Traore,Aminata Traore,F,1978-02-05,47,45-54,Côte d'Ivoire,Bouaké,Budget,Silver,2023-09-06,Corporate Desk,483,2026-05-25 09:39:38.626811,2026-05-25 09:39:38.779183
CUST0166,d2655c3f52cbc5ef7abf39c317b17e5af5002d458c325ac7d2ddc6dab89f85af,Serge,Diallo,Serge Diallo,F,1988-12-23,37,35-44,Benin,Cotonou,Business,None,2024-10-05,Corporate Desk,88,2026-05-25 09:39:38.626811,2026-05-25 09:39:38.779183
CUST0167,f11b1508c97e1c40036f877869111382bd3f9661d20c095d4b80d207a20aa0ae,Aminata,Mensah,Aminata Mensah,F,1967-01-02,58,55+,Nigeria,Lagos,Business,Silver,2024-09-25,Web,98,2026-05-25 09:39:38.626811,2026-05-25 09:39:38.779183
CUST0168,1a56935d8d423acf0155132cddb13d287238ac07a577630576e1a727aa39560b,Fatou,Mensah,Fatou Mensah,F,1996-10-02,29,25-34,Nigeria,Lagos,Standard,Explorer,2024-03-25,Corporate Desk,282,2026-05-25 09:39:38.626811,2026-05-25 09:39:38.779183
CUST0169,ceb3bab3625a4581746cc5d2218d02cb72dc6d6303298ea02653db24fea9e8c5,Mariam,Diallo,Mariam Diallo,F,1988-11-06,37,35-44,Benin,Cotonou,Standard,Silver,2024-04-08,Travel Agency,268,2026-05-25 09:39:38.626811,2026-05-25 09:39:38.779183
CUST0170,f8f0ce1a2e5dec17980b07c6e8651f319d7f2b41e157fa47cb9a08f28d0bdc68,Jean,Mensah,Jean Mensah,M,1968-10-21,57,55+,France,Paris,Business,Silver,2023-01-16,Mobile App,716,2026-05-25 09:39:38.626811,2026-05-25 09:39:38.779183
CUST0171,7c7a0d1d80285f4848dcddfdb5edcc39588672b4af559dea6abf9e980f49cdbb,Fatou,Ndiaye,Fatou Ndiaye,M,1980-07-13,45,45-54,France,Paris,Standard,Gold,2024-04-07,Travel Agency,269,2026-05-25 09:39:38.626811,2026-05-25 09:39:38.779183
CUST0172,d10c9be26e5df2d6851fdedd8b889b4ca5b480316f28bd8fdb184f59ef0aacc2,Awa,Amani,Awa Amani,M,1982-07-06,43,35-44,Benin,Cotonou,Standard,None,2024-08-08,Mobile App,146,2026-05-25 09:39:38.626811,2026-05-25 09:39:38.779183
CUST0173,235da318a7472d9b432732b31d08f5fb551b8d08183cd85b1456a25978d90708,Bintou,Kone,Bintou Kone,M,1999-02-18,26,25-34,Senegal,Dakar,Business,None,2023-08-28,Travel Agency,492,2026-05-25 09:39:38.626811,2026-05-25 09:39:38.779183
CUST0174,cdfe94204e0cee5e1686a0469e581c6cf98ba0b78869708757693e6ff35e658e,Awa,Ouattara,Awa Ouattara,M,1978-05-19,47,45-54,France,Paris,Business,Explorer,2023-03-31,Travel Agency,642,2026-05-25 09:39:38.626811,2026-05-25 09:39:38.779183
CUST0175,eec93556bb8c672cf99af98b0ffebf54443be0c996c025b07e2d86b319fc2788,Yao,Ouattara,Yao Ouattara,M,1998-06-16,27,25-34,Côte d'Ivoire,Yamoussoukro,Standard,None,2023-07-16,Web,535,2026-05-25 09:39:38.626811,2026-05-25 09:39:38.779183
CUST0176,e5beb8adc1746bfd81cb45c0b1dd0f0982b2c2923d8ffdd7eb06042bb70b570c,Serge,Mensah,Serge Mensah,M,1987-07-25,38,35-44,Ghana,Accra,Standard,Gold,2024-05-20,Travel Agency,226,2026-05-25 09:39:38.626811,2026-05-25 09:39:38.779183
CUST0177,11c4faac0cf841c323e863d0eb464412208f789bbfbedecab1c7717015cb289c,Jean,Kone,Jean Kone,F,1974-06-20,51,45-54,Côte d'Ivoire,Abidjan,Standard,Explorer,2023-01-22,Web,710,2026-05-25 09:39:38.626811,2026-05-25 09:39:38.779183
CUST0178,7e41a91083ac9f6301f8eb6da134e25a54c6e1ec1904dbdcdcb38856ce042f9f,Yao,Ndiaye,Yao Ndiaye,M,1978-05-25,47,45-54,Côte d'Ivoire,Bouaké,Standard,Gold,2024-08-30,Mobile App,124,2026-05-25 09:39:38.626811,2026-05-25 09:39:38.779183
CUST0179,67758795f5a443d62f06600575d5099f7a163b8e15a62c03a3ab86e5925b5929,Awa,Amani,Awa Amani,F,1976-07-03,49,45-54,Senegal,Dakar,Budget,Explorer,2024-04-14,Corporate Desk,262,2026-05-25 09:39:38.626811,2026-05-25 09:39:38.779183
CUST0180,584da61e20a72634e30cee06eeb16098e057414a1c6dd1c2fa47650127fab5e4,Didier,Ouattara,Didier Ouattara,F,1970-05-11,55,55+,Côte d'Ivoire,Yamoussoukro,Standard,None,2024-11-16,Corporate Desk,46,2026-05-25 09:39:38.626811,2026-05-25 09:39:38.779183
CUST0181,b961160d159dfd28e3c74e4f5e5c7677c7055d20049ec8b4c5861bdfeac6064b,Nadia,Diallo,Nadia Diallo,M,1980-12-08,45,45-54,Ghana,Accra,Budget,None,2023-12-27,Web,371,2026-05-25 09:39:38.626811,2026-05-25 09:39:38.779183
CUST0182,a9799f05bbc4a5d0bc9f771355f3be229489e8c45d36da9982ff754e1cf9663a,Awa,Konan,Awa Konan,M,1997-12-24,28,25-34,France,Paris,Budget,None,2023-01-06,Mobile App,726,2026-05-25 09:39:38.626811,2026-05-25 09:39:38.779183
CUST0183,818691c09f930f792c0619fb3984c7130e70c0c1ef4e537c684aa58e43956a22,Serge,Mensah,Serge Mensah,M,1971-08-11,54,45-54,Benin,Cotonou,Standard,None,2024-05-07,Corporate Desk,239,2026-05-25 09:39:38.626811,2026-05-25 09:39:38.779183
CUST0184,af911b5394446ae57439441b463b3428ed7da62c8dd7b37172a35bce37f27bdd,Nadia,Kouassi,Nadia Kouassi,F,1965-08-23,60,55+,Ghana,Accra,Business,None,2023-08-14,Web,506,2026-05-25 09:39:38.626811,2026-05-25 09:39:38.779183
CUST0185,fb7076044fc1483dd1183cb785d2fe88dbeed9685f8e16ed38c22db271f6efdf,Jean,Diallo,Jean Diallo,M,1971-07-27,54,45-54,France,Paris,Standard,Explorer,2023-12-14,Travel Agency,384,2026-05-25 09:39:38.626811,2026-05-25 09:39:38.779183
CUST0186,a2c381ae8ef65e4de62123dac0c9a236e9c43483b7065f7aa389d5ca1058459b,Nadia,Traore,Nadia Traore,M,1974-06-08,51,45-54,Ghana,Accra,Budget,Explorer,2023-05-29,Corporate Desk,583,2026-05-25 09:39:38.626811,2026-05-25 09:39:38.779183
CUST0187,7a0ca5ba6378201782d580c21f1e0bd3b42ec77f4297f279af9546be7c49f08f,Fatou,Ouattara,Fatou Ouattara,M,1980-03-01,45,45-54,Ghana,Accra,Standard,None,2023-06-21,Travel Agency,560,2026-05-25 09:39:38.626811,2026-05-25 09:39:38.779183
CUST0188,ac5d1095039fa5d03de3ff256e211592e2dcb8240a671e532b5cdb5138b8c760,Koffi,Amani,Koffi Amani,M,1995-02-05,30,25-34,Nigeria,Lagos,Standard,Silver,2023-08-05,Corporate Desk,515,2026-05-25 09:39:38.626811,2026-05-25 09:39:38.779183
CUST0189,cdbc242d6dc4a090cdffb7e3cd4a74878701c91a72f0dd62701145d23b43ad56,Koffi,Mensah,Koffi Mensah,F,1988-07-09,37,35-44,Senegal,Dakar,Premium,None,2023-10-24,Corporate Desk,435,2026-05-25 09:39:38.626811,2026-05-25 09:39:38.779183
CUST0190,87ddd75307345ee5969b622a3d328890c6a6982288e1ef85bdc9edc73a6e3381,Awa,Mensah,Awa Mensah,F,1966-08-26,59,55+,Ghana,Accra,Standard,Explorer,2024-06-23,Travel Agency,192,2026-05-25 09:39:38.626811,2026-05-25 09:39:38.779183
CUST0191,1c911cb20dd2926637d29215e85be4a17e7afc40239e20407cf097241f11047b,Jean,Ouattara,Jean Ouattara,F,1991-04-09,34,25-34,Ghana,Accra,Budget,None,2023-08-24,Mobile App,496,2026-05-25 09:39:38.626811,2026-05-25 09:39:38.779183
CUST0192,25bd5ac343be7de2c8d5892f3b54eee1c46f8c49c2f9c8a8d4ff49e8aae60465,Didier,Traore,Didier Traore,F,1996-05-06,29,25-34,Ghana,Accra,Budget,Silver,2024-10-05,Mobile App,88,2026-05-25 09:39:38.626811,2026-05-25 09:39:38.779183
CUST0193,b1b1cf337567036390e41b234774c0a61ebfda9982ea5e7694f367b6800797f9,Fatou,Kouassi,Fatou Kouassi,F,1969-12-24,56,55+,France,Paris,Business,Gold,2024-06-14,Travel Agency,201,2026-05-25 09:39:38.626811,2026-05-25 09:39:38.779183
CUST0194,8d1f725d1160064bc0835c1ecf8c29e096b7ece26c7ac18eaa3f476f42d11ddb,Fatou,Kone,Fatou Kone,F,1965-07-25,60,55+,Senegal,Dakar,Budget,Silver,2023-09-12,Mobile App,477,2026-05-25 09:39:38.626811,2026-05-25 09:39:38.779183
CUST0195,d2230b5012af3953283c1abb8c886de3c3263c8d54ab56b12e73a7c6ddaf655f,Jean,Konan,Jean Konan,F,1988-10-20,37,35-44,France,Paris,Standard,Gold,2024-06-12,Web,203,2026-05-25 09:39:38.626811,2026-05-25 09:39:38.779183
CUST0196,a6003f925b3569fdd2a7ec6e019c409fa0ee9fd0d3645977d672334e1dc19386,Jean,Kouassi,Jean Kouassi,M,1989-10-25,36,35-44,Côte d'Ivoire,Abidjan,Standard,None,2024-05-21,Corporate Desk,225,2026-05-25 09:39:38.626811,2026-05-25 09:39:38.779183
CUST0197,931abb764255b57ea41e273fe6ae12190023a4301df573abb3e851ee93d3b75a,Awa,Sow,Awa Sow,F,1966-04-03,59,55+,France,Paris,Standard,None,2023-11-16,Travel Agency,412,2026-05-25 09:39:38.626811,2026-05-25 09:39:38.779183
CUST0198,f639174cb717baa35db1c1fee3fe0ee5911052f9f268c7974e5c101c4114ea9d,Awa,Konan,Awa Konan,F,1977-05-01,48,45-54,France,Paris,Standard,Silver,2023-04-16,Travel Agency,626,2026-05-25 09:39:38.626811,2026-05-25 09:39:38.779183
CUST0199,cdf74d896f389c77f46682dbd65221bdc681f4ccc359ad2c51163c45273a844c,Serge,Diallo,Serge Diallo,F,1982-02-15,43,35-44,Côte d'Ivoire,Bouaké,Standard,Silver,2023-04-23,Web,619,2026-05-25 09:39:38.626811,2026-05-25 09:39:38.779183
CUST0200,40c64e36b4513505a42e8f2c0c9b11398988a12aadf167aa65752c3992b2c5a0,Amadou,Diallo,Amadou Diallo,F,1979-03-22,46,45-54,Côte d'Ivoire,Yamoussoukro,Standard,Explorer,2023-01-19,Corporate Desk,713,2026-05-25 09:39:38.626811,2026-05-25 09:39:38.779183
CUST0201,84d6b99e46e1eeee89e6b0a6d4f2997802814b355c3f3c4fc85017724dd2d775,Amadou,Ndiaye,Amadou Ndiaye,F,1990-01-25,35,35-44,Benin,Cotonou,Standard,None,2023-12-10,Corporate Desk,388,2026-05-25 09:39:38.626811,2026-05-25 09:39:38.779183
CUST0202,3a51d24a910f94faa22f523029120e3a996255e83c0bd36915e2d7008fbf243c,Jean,Ouattara,Jean Ouattara,F,1985-09-05,40,35-44,France,Paris,Standard,Explorer,2024-10-09,Web,84,2026-05-25 09:39:38.626811,2026-05-25 09:39:38.779183
CUST0203,b59ee420a7ce0abc1f991a14f070510a012a3968fde6b91bd240fd3a3150df06,Koffi,Sow,Koffi Sow,F,1969-06-14,56,55+,Senegal,Dakar,Standard,None,2023-05-23,Corporate Desk,589,2026-05-25 09:39:38.626811,2026-05-25 09:39:38.779183
CUST0204,a2fceaeec8ca885e51307e243c527296504956843f865302d12ad85edad6afd2,Nadia,Konan,Nadia Konan,F,1967-11-20,58,55+,Nigeria,Lagos,Premium,Explorer,2024-10-05,Web,88,2026-05-25 09:39:38.626811,2026-05-25 09:39:38.779183
CUST0205,fe1f513ccc625c0f0f3134db42beb3cb355f589a019dd3ce2e3556a302ed5f13,Koffi,Mensah,Koffi Mensah,F,1998-01-14,27,25-34,France,Paris,Premium,None,2023-11-09,Travel Agency,419,2026-05-25 09:39:38.626811,2026-05-25 09:39:38.779183
CUST0206,30f0310d250ddccad310715f0a0e5a805d8da69afe017f3555c042b9711f3af3,Mariam,Traore,Mariam Traore,F,1997-05-03,28,25-34,Benin,Cotonou,Standard,Gold,2024-03-26,Web,281,2026-05-25 09:39:38.626811,2026-05-25 09:39:38.779183
CUST0207,ef731a830799341a103bcdc11fa476c183b651d30df33c7b0ba373039484b02e,Mariam,Mensah,Mariam Mensah,M,1983-05-08,42,35-44,France,Paris,Business,None,2024-04-10,Mobile App,266,2026-05-25 09:39:38.626811,2026-05-25 09:39:38.779183
CUST0208,bc1e1a82ecbb4309746ea44c4252e3bc03dc90f8ff36b55b57ff650f179694eb,Amadou,Kouassi,Amadou Kouassi,M,1994-09-10,31,25-34,Benin,Cotonou,Standard,None,2023-09-06,Travel Agency,483,2026-05-25 09:39:38.626811,2026-05-25 09:39:38.779183
CUST0209,c0fccffed8262b908bf1ae21ea7380a4e957e8d0537e491ec452dd37d15ce151,Yao,Sow,Yao Sow,M,1990-01-12,35,35-44,Ghana,Accra,Business,None,2024-07-24,Travel Agency,161,2026-05-25 09:39:38.626811,2026-05-25 09:39:38.779183
CUST0210,0478b0e8f7d448ee13daf49422644f68cf36b2939fc635d748ddbf3362d06afa,Fatou,Mensah,Fatou Mensah,F,1983-01-25,42,35-44,Nigeria,Lagos,Budget,None,2023-12-23,Corporate Desk,375,2026-05-25 09:39:38.626811,2026-05-25 09:39:38.779183
CUST0211,0c01e2d83e8d5fc862224f4a02903a8fcc9d907e5d562588d70fba0470c08f3c,Awa,Sow,Awa Sow,M,1993-06-24,32,25-34,Benin,Cotonou,Standard,Gold,2024-11-24,Mobile App,38,2026-05-25 09:39:38.626811,2026-05-25 09:39:38.779183
CUST0212,daf68c1b9742856a3639ce1dfe8415336cbfc5fb495adf0c85a673c6e55a350c,Jean,Amani,Jean Amani,F,1977-10-20,48,45-54,Nigeria,Lagos,Business,Explorer,2024-05-01,Travel Agency,245,2026-05-25 09:39:38.626811,2026-05-25 09:39:38.779183
CUST0213,aba364dc52c96f19f72178ff6c3b1fd19109ee39a410cf427dec376ac91fcc9d,Serge,Diallo,Serge Diallo,M,1971-01-14,54,45-54,Benin,Cotonou,Standard,Gold,2024-08-08,Mobile App,146,2026-05-25 09:39:38.626811,2026-05-25 09:39:38.779183
CUST0214,544cb0bde149a9ffd7a4b54cdfe1d7cd8b5d8c3c13b64ca036b165522de331f5,Fatou,Ndiaye,Fatou Ndiaye,F,1989-08-23,36,35-44,Nigeria,Lagos,Standard,Explorer,2023-12-28,Corporate Desk,370,2026-05-25 09:39:38.626811,2026-05-25 09:39:38.779183
CUST0215,9ebd16e503cc878e4c40c87c8bd9a602ba18d352ea573f8f588ec954970a0be8,Bintou,Ndiaye,Bintou Ndiaye,M,1985-01-26,40,35-44,France,Paris,Standard,None,2024-07-03,Travel Agency,182,2026-05-25 09:39:38.626811,2026-05-25 09:39:38.779183
CUST0216,fe9d89a37e62c97acedd4c53d62fc0bc1f67ce424d44d7f128fc8fb9099f4e7b,Amadou,Ndiaye,Amadou Ndiaye,M,1979-02-27,46,45-54,Ghana,Accra,Standard,Silver,2023-09-06,Travel Agency,483,2026-05-25 09:39:38.626811,2026-05-25 09:39:38.779183
CUST0217,d8ea298273a597b8969f266ea0181806319c715b8235dd760d4ef239edc33afc,Amadou,Konan,Amadou Konan,F,1968-05-19,57,55+,Ghana,Accra,Standard,Explorer,2023-11-16,Corporate Desk,412,2026-05-25 09:39:38.626811,2026-05-25 09:39:38.779183
CUST0218,c1fe54fef66635564f9712cd320f84e41b7c37f955c1ba5ebe822e7ce2634538,Bintou,Ouattara,Bintou Ouattara,M,1994-06-02,31,25-34,France,Paris,Standard,None,2023-03-11,Mobile App,662,2026-05-25 09:39:38.626811,2026-05-25 09:39:38.779183
CUST0219,712524d311f101ad3b60492d7b5b32d28e804d3877cfea7e88c2d5b2b863b571,Amadou,Amani,Amadou Amani,M,2000-10-05,25,25-34,Côte d'Ivoire,Abidjan,Premium,Explorer,2024-03-26,Travel Agency,281,2026-05-25 09:39:38.626811,2026-05-25 09:39:38.779183
CUST0220,8423a44ac7ed2e5728694182e819558001a9c8c37fd3f480e051068abe0cafdd,Bintou,Traore,Bintou Traore,F,1988-06-12,37,35-44,Benin,Cotonou,Business,Explorer,2023-04-24,Travel Agency,618,2026-05-25 09:39:38.626811,2026-05-25 09:39:38.779183
CUST0221,ad23b493e8248d82c47533fe7a0c906dc91280048e85ecde6f81d0cd4fabcbee,Jean,Sow,Jean Sow,M,1975-09-10,50,45-54,Benin,Cotonou,Standard,None,2023-07-06,Web,545,2026-05-25 09:39:38.626811,2026-05-25 09:39:38.779183
CUST0222,f7ec64a09525bf623c94f08b80f0a4bfff007ea06942f3d6e9d0bab0edd1f4d6,Didier,Ndiaye,Didier Ndiaye,F,1987-10-21,38,35-44,Benin,Cotonou,Business,None,2023-01-03,Travel Agency,729,2026-05-25 09:39:38.626811,2026-05-25 09:39:38.779183
CUST0223,f78711790ac9b36f698cc55df8e283414691a93d0188f6ee3f7ae1f2729cc17f,Serge,Sow,Serge Sow,F,1984-07-27,41,35-44,Benin,Cotonou,Standard,Silver,2023-07-21,Mobile App,530,2026-05-25 09:39:38.626811,2026-05-25 09:39:38.779183
CUST0224,42b0ddcbb249c91d03eca725ab156228c67fc750f8161db4a9eec5a07dca3239,Bintou,Ndiaye,Bintou Ndiaye,M,1999-09-05,26,25-34,Nigeria,Lagos,Standard,None,2023-06-10,Web,571,2026-05-25 09:39:38.626811,2026-05-25 09:39:38.779183
CUST0225,95789c2777e27f654d5d5c58dc1fa312b6a1c517909e8c349fbbc0e09bb8b217,Koffi,Traore,Koffi Traore,F,1998-08-27,27,25-34,Côte d'Ivoire,Bouaké,Standard,Silver,2023-03-05,Web,668,2026-05-25 09:39:38.626811,2026-05-25 09:39:38.779183
CUST0226,45f432142fccfdf3d862763776b5107674fad43035c0f8319da6d15d3c3cf912,Didier,Amani,Didier Amani,F,1980-06-09,45,45-54,Benin,Cotonou,Budget,Explorer,2024-08-19,Web,135,2026-05-25 09:39:38.626811,2026-05-25 09:39:38.779183
CUST0227,7bf2cea1276c85a6fd74886a0bf8fee2e28da17afd246263ab2eebd705413102,Yao,Kone,Yao Kone,M,1966-01-08,59,55+,Senegal,Dakar,Standard,Gold,2024-03-26,Web,281,2026-05-25 09:39:38.626811,2026-05-25 09:39:38.779183
CUST0228,b66455a068ce90a0966b2e66a43d9a49b99b11c6bdaeacf725da608f5a6c68f0,Yao,Kouassi,Yao Kouassi,F,1967-03-19,58,55+,France,Paris,Standard,Gold,2024-04-11,Travel Agency,265,2026-05-25 09:39:38.626811,2026-05-25 09:39:38.779183
CUST0229,2ac01b149ac220e467005873b05bdb392bd2f3615715af9e06b8736c17e7a7e7,Didier,Mensah,Didier Mensah,M,1969-04-22,56,55+,Nigeria,Lagos,Business,Explorer,2024-02-28,Travel Agency,308,2026-05-25 09:39:38.626811,2026-05-25 09:39:38.779183
CUST0230,18c2592904529ac2d0fa276aff88e0728efbae180ef7f9ec1386483a6b0d4c36,Serge,Kone,Serge Kone,F,1980-02-06,45,45-54,Nigeria,Lagos,Standard,None,2023-10-25,Corporate Desk,434,2026-05-25 09:39:38.626811,2026-05-25 09:39:38.779183
CUST0231,e98e2d98b0de24f66c562fa355012cc0d45ed4521a3770844896742a5d1d6101,Jean,Traore,Jean Traore,M,1999-07-11,26,25-34,France,Paris,Business,Gold,2024-03-08,Travel Agency,299,2026-05-25 09:39:38.626811,2026-05-25 09:39:38.779183
CUST0232,0584606a80377a8cc3b0e1545ef4ba319bd6140c59dac4b2f924bef0de732bd7,Yao,Ouattara,Yao Ouattara,F,1994-05-12,31,25-34,France,Paris,Standard,None,2023-01-26,Travel Agency,706,2026-05-25 09:39:38.626811,2026-05-25 09:39:38.779183
CUST0233,114158cdb30b4c724595946b514edc5bfb07a8320dcd329db16f4e21e1a484f1,Yao,Diallo,Yao Diallo,F,1977-05-18,48,45-54,Ghana,Accra,Standard,Explorer,2023-09-03,Mobile App,486,2026-05-25 09:39:38.626811,2026-05-25 09:39:38.779183
CUST0234,7338907e29cf27733454b4521677a58d4e86db9a17fa0cdf66b0b0617d4be258,Jean,Kouassi,Jean Kouassi,M,1989-11-19,36,35-44,Senegal,Dakar,Standard,Explorer,2023-07-29,Mobile App,522,2026-05-25 09:39:38.626811,2026-05-25 09:39:38.779183
CUST0235,aaeabbe98ecf742cb0d924ab0d8c1802d1f4beab478f8a91119d310e2874ea9c,Aminata,Diallo,Aminata Diallo,M,1993-10-12,32,25-34,Nigeria,Lagos,Standard,Explorer,2023-05-09,Web,603,2026-05-25 09:39:38.626811,2026-05-25 09:39:38.779183
CUST0236,13f2f3d061e980fbe1d352c69b446679a323341e3e698952f9a9521bfab0e6b5,Bintou,Traore,Bintou Traore,M,1989-01-22,36,35-44,Benin,Cotonou,Standard,Explorer,2023-03-30,Mobile App,643,2026-05-25 09:39:38.626811,2026-05-25 09:39:38.779183
CUST0237,93c5637ae7598a37f00e710dc27fa034ec5a6bb07e36c0b8a53ce7865e669db8,Jean,Kouassi,Jean Kouassi,F,1969-09-12,56,55+,Ghana,Accra,Budget,Silver,2023-04-01,Mobile App,641,2026-05-25 09:39:38.626811,2026-05-25 09:39:38.779183
CUST0238,1f92eebb43ae2941f356eddb24682d00ccbfc5f5a0d0ab6a3ba8092761eab88f,Mariam,Ouattara,Mariam Ouattara,M,1987-07-28,38,35-44,Senegal,Dakar,Business,Gold,2023-05-16,Travel Agency,596,2026-05-25 09:39:38.626811,2026-05-25 09:39:38.779183
CUST0239,3a2d1fcd93cd972fc7114875a4b2e9e76b0f93f724b1a79228849b34e7c2d01d,Awa,Amani,Awa Amani,M,1991-01-22,34,25-34,Ghana,Accra,Standard,Silver,2023-12-27,Web,371,2026-05-25 09:39:38.626811,2026-05-25 09:39:38.779183
CUST0240,ab5ec6d0cabe3972fb14a742007dbe33f97e9a6f5a0d115037356ca4d781da9e,Fatou,Traore,Fatou Traore,M,1979-12-22,46,45-54,Ghana,Accra,Standard,Explorer,2024-03-17,Mobile App,290,2026-05-25 09:39:38.626811,2026-05-25 09:39:38.779183
CUST0241,e592ecb0f8174eebc0ad9648afaf179501f5c708db8ffd6027a80ed6fa23b1bd,Mariam,Ouattara,Mariam Ouattara,F,2000-05-21,25,25-34,Senegal,Dakar,Standard,None,2024-05-24,Travel Agency,222,2026-05-25 09:39:38.626811,2026-05-25 09:39:38.779183
CUST0242,096d26dcaa13fb7ca74e106546573c8d92573a6a0cd75f840fd111c8a6b58303,Aminata,Ndiaye,Aminata Ndiaye,M,1965-02-27,60,55+,Nigeria,Lagos,Premium,Gold,2024-08-22,Web,132,2026-05-25 09:39:38.626811,2026-05-25 09:39:38.779183
CUST0243,c36cfb1b99e31d4f7de737930339c8db8dab3d5765af8348f11600e785b70258,Aminata,Traore,Aminata Traore,F,1985-04-25,40,35-44,Ghana,Accra,Business,None,2024-02-08,Mobile App,328,2026-05-25 09:39:38.626811,2026-05-25 09:39:38.779183
CUST0244,d869026a4591f4f613ace2a7ad0b7c57816568fd5c9b9f1e85c18748f92e231b,Bintou,Traore,Bintou Traore,M,1992-08-11,33,25-34,Senegal,Dakar,Standard,Silver,2023-07-30,Corporate Desk,521,2026-05-25 09:39:38.626811,2026-05-25 09:39:38.779183
CUST0245,0ba694da0dcdb2e0d0d60c9ce0d62bfeddc1ef626fd7a5439581bd70e6a08fb4,Bintou,Diallo,Bintou Diallo,M,1977-01-23,48,45-54,Benin,Cotonou,Budget,None,2024-10-14,Mobile App,79,2026-05-25 09:39:38.626811,2026-05-25 09:39:38.779183
CUST0246,814d39113da5cd4d088fac8429089d8449ada36791f49b0e552b832e645f2364,Fatou,Kouassi,Fatou Kouassi,F,1975-06-12,50,45-54,France,Paris,Budget,Explorer,2023-05-21,Mobile App,591,2026-05-25 09:39:38.626811,2026-05-25 09:39:38.779183
CUST0247,8641fd2358549a9f1a469f7606baace6a233a9d4fff8ffa07311f7fadc3b05cd,Serge,Kone,Serge Kone,M,1980-12-08,45,45-54,Benin,Cotonou,Standard,Explorer,2024-10-18,Travel Agency,75,2026-05-25 09:39:38.626811,2026-05-25 09:39:38.779183
CUST0248,1ddcd23d820c18e1797eb0c1bfedbad65b26763a377723d878306c68a8d9f9b1,Fatou,Diallo,Fatou Diallo,F,1980-06-21,45,45-54,Benin,Cotonou,Standard,Silver,2023-06-23,Mobile App,558,2026-05-25 09:39:38.626811,2026-05-25 09:39:38.779183
CUST0249,e9ade942e2498e7a9885c091ca0464a7b9c18d73a3abb9f52f85edd4aaff91b6,Nadia,Ouattara,Nadia Ouattara,F,1972-12-10,53,45-54,France,Paris,Standard,None,2023-03-03,Travel Agency,670,2026-05-25 09:39:38.626811,2026-05-25 09:39:38.779183
CUST0250,fb609962ae167452dda6283e25938633c28904c340ea6c4c7f36863d358e3a95,Yao,Traore,Yao Traore,M,1993-02-06,32,25-34,Senegal,Dakar,Standard,Explorer,2023-10-24,Mobile App,435,2026-05-25 09:39:38.626811,2026-05-25 09:39:38.779183
CUST0251,7deb7e58ca9ad6fe1ac9b928b5bd1794f40992df1b10aa97e23346c454f357e9,Koffi,Konan,Koffi Konan,F,1994-08-03,31,25-34,France,Paris,Premium,Explorer,2023-04-22,Corporate Desk,620,2026-05-25 09:39:38.626811,2026-05-25 09:39:38.779183
CUST0252,8d6446fdd365307857ba751bf306c02f5cb5d53476d2477e012b9c2c09ab265b,Nadia,Kouassi,Nadia Kouassi,M,1965-06-03,60,55+,Nigeria,Lagos,Standard,Gold,2024-10-30,Travel Agency,63,2026-05-25 09:39:38.626811,2026-05-25 09:39:38.779183
CUST0253,1b6d2025b7a69491517227b307e40b66e27befd464dbe0e04b1ff8d019cb1cb3,Yao,Traore,Yao Traore,F,1966-01-25,59,55+,Benin,Cotonou,Business,None,2023-07-10,Mobile App,541,2026-05-25 09:39:38.626811,2026-05-25 09:39:38.779183
CUST0254,6cdf5e60a96180bfa724ca73b223592baf67b6d221875edbb3429363c45de392,Serge,Mensah,Serge Mensah,M,1989-03-21,36,35-44,Côte d'Ivoire,Bouaké,Standard,Explorer,2024-07-18,Travel Agency,167,2026-05-25 09:39:38.626811,2026-05-25 09:39:38.779183
CUST0255,465829b8c07e15356c5cc439a8c522f315158a01f8975bc87101a786c44d96f1,Yao,Konan,Yao Konan,F,1971-10-26,54,45-54,Senegal,Dakar,Premium,Gold,2024-05-21,Corporate Desk,225,2026-05-25 09:39:38.626811,2026-05-25 09:39:38.779183
CUST0256,d42e8259cf063187ac93c553f0f473af7e99b7b9f15229956df36d96d6376737,Serge,Diallo,Serge Diallo,M,1970-03-23,55,55+,Nigeria,Lagos,Budget,Explorer,2024-02-16,Web,320,2026-05-25 09:39:38.626811,2026-05-25 09:39:38.779183
CUST0257,cd51f9e69cb7c7fda28633bec2d3f009e68f90b73d3487aa79716c75eab9c6d6,Nadia,Kone,Nadia Kone,F,1978-12-12,47,45-54,Côte d'Ivoire,Abidjan,Budget,Explorer,2024-06-07,Corporate Desk,208,2026-05-25 09:39:38.626811,2026-05-25 09:39:38.779183
CUST0258,a83e573c6aefa08e674dcf785608f90d2869efeccdfb49650b40310b1a6534ce,Fatou,Traore,Fatou Traore,F,1997-12-14,28,25-34,Ghana,Accra,Budget,None,2023-06-30,Mobile App,551,2026-05-25 09:39:38.626811,2026-05-25 09:39:38.779183
CUST0259,b155dc98af11e03077a5932ddb51fd3c61632d7a37e69e93c6e365ceb01af885,Fatou,Konan,Fatou Konan,M,1987-10-07,38,35-44,Nigeria,Lagos,Budget,None,2024-04-16,Corporate Desk,260,2026-05-25 09:39:38.626811,2026-05-25 09:39:38.779183
CUST0260,1f7c2096ebe6d26c454190b78dd979ede3487c24fd161a506498242ab5d0c48b,Aminata,Diallo,Aminata Diallo,M,1970-01-24,55,55+,France,Paris,Standard,None,2024-08-07,Corporate Desk,147,2026-05-25 09:39:38.626811,2026-05-25 09:39:38.779183
CUST0261,cdd624b01678190f219cc49a6b137c6ab8d1b97f99c929029e3c0db5a306b89a,Nadia,Diallo,Nadia Diallo,M,1986-09-21,39,35-44,Senegal,Dakar,Business,None,2024-04-03,Web,273,2026-05-25 09:39:38.626811,2026-05-25 09:39:38.779183
CUST0262,8e26e3150df17c6985d8cac825b97f4304c1d925a1f81c355c06245bbef272e6,Aminata,Ndiaye,Aminata Ndiaye,M,2000-10-14,25,25-34,Ghana,Accra,Standard,Explorer,2024-02-10,Travel Agency,326,2026-05-25 09:39:38.626811,2026-05-25 09:39:38.779183
CUST0263,cab20a50e2e6ad2f2fcbcf13982c543f5c4a7e1e1d0c522de26275c38efb3d3a,Yao,Diallo,Yao Diallo,F,2000-12-04,25,25-34,Côte d'Ivoire,Abidjan,Business,None,2023-04-08,Mobile App,634,2026-05-25 09:39:38.626811,2026-05-25 09:39:38.779183
CUST0264,6d395c9a9107578f173dc0a8f9b423ea7f225efbf11e1c4e53f07a571373b1d6,Aminata,Mensah,Aminata Mensah,M,1979-09-15,46,45-54,France,Paris,Standard,Silver,2024-06-09,Web,206,2026-05-25 09:39:38.626811,2026-05-25 09:39:38.779183
CUST0265,036e6488b8456aecf596736ee8b901be4aee1bba2f472cc44c96277b7170a344,Aminata,Traore,Aminata Traore,M,1973-09-18,52,45-54,Nigeria,Lagos,Standard,Gold,2024-06-11,Web,204,2026-05-25 09:39:38.626811,2026-05-25 09:39:38.779183
CUST0266,aa6dbee4c3c13a9d9aabcf02921f721d02df3f1ea04b2ddf4a9942e170ada352,Aminata,Ouattara,Aminata Ouattara,F,1977-10-16,48,45-54,Nigeria,Lagos,Budget,Silver,2023-02-28,Corporate Desk,673,2026-05-25 09:39:38.626811,2026-05-25 09:39:38.779183
CUST0267,f4765f7e043352852da79fc57ca4e522da7b2db3a0b5f7b84b43f811423f95bd,Awa,Amani,Awa Amani,F,1965-12-20,60,55+,Ghana,Accra,Standard,None,2023-05-19,Corporate Desk,593,2026-05-25 09:39:38.626811,2026-05-25 09:39:38.779183
CUST0268,ad704f9f32831395797024116166bbb65a2515fa791abe27761ff1ced40817f5,Didier,Kouassi,Didier Kouassi,F,1987-03-12,38,35-44,Côte d'Ivoire,Yamoussoukro,Business,Silver,2024-11-27,Web,35,2026-05-25 09:39:38.626811,2026-05-25 09:39:38.779183
CUST0269,2000a2c53c28f4ddc540c22a158d9c3226e014b300a033280e0b4ca9af40e4cf,Koffi,Kouassi,Koffi Kouassi,M,1997-12-17,28,25-34,Senegal,Dakar,Business,None,2024-09-10,Travel Agency,113,2026-05-25 09:39:38.626811,2026-05-25 09:39:38.779183
CUST0270,e3f7a267f11516126a39bc7193d301f7ca2edc42958a205f626162cb23913007,Jean,Sow,Jean Sow,M,1972-01-22,53,45-54,Côte d'Ivoire,Abidjan,Standard,None,2024-04-02,Web,274,2026-05-25 09:39:38.626811,2026-05-25 09:39:38.779183
CUST0271,9f8400b86e88fac2296d60464b6d6c74a37119641cfeb7c547455f489c704267,Nadia,Traore,Nadia Traore,F,1996-02-03,29,25-34,France,Paris,Budget,Explorer,2023-10-24,Corporate Desk,435,2026-05-25 09:39:38.626811,2026-05-25 09:39:38.779183
CUST0272,018d51654a4a07652a12e2409e8cfd80d85a54b625ff337117ced10194fe71a6,Didier,Mensah,Didier Mensah,M,1993-01-01,32,25-34,Ghana,Accra,Premium,Explorer,2024-05-10,Web,236,2026-05-25 09:39:38.626811,2026-05-25 09:39:38.779183
CUST0273,4883156de2f16740991f5f4a2404a6bb91efb46700c6d9b3310ef6fb0ac7017d,Koffi,Diallo,Koffi Diallo,M,1995-03-23,30,25-34,Côte d'Ivoire,Bouaké,Standard,Gold,2024-09-17,Web,106,2026-05-25 09:39:38.626811,2026-05-25 09:39:38.779183
CUST0274,cc57355e74a1b8047dce22635d6512b7d0b31a79b7559d7fc6fa78333bf5685c,Jean,Sow,Jean Sow,F,1984-03-19,41,35-44,Senegal,Dakar,Standard,Silver,2024-04-23,Travel Agency,253,2026-05-25 09:39:38.626811,2026-05-25 09:39:38.779183
CUST0275,4f2e98597fcebc7bb3c196bd3a2bb4f4c80881258853db0e175bfbdf82f6cff1,Nadia,Ouattara,Nadia Ouattara,M,1985-01-11,40,35-44,France,Paris,Standard,None,2024-04-15,Web,261,2026-05-25 09:39:38.626811,2026-05-25 09:39:38.779183
CUST0276,da4ff9200dc9842f10a17e01a0456e0749287f45ed2416af3f45e311cc7265fd,Mariam,Diallo,Mariam Diallo,M,1989-05-03,36,35-44,Benin,Cotonou,Standard,Explorer,2024-08-21,Mobile App,133,2026-05-25 09:39:38.626811,2026-05-25 09:39:38.779183
CUST0277,c9f17da592cd541c9d5aebaeff04ea77a4c5281be06d8b4d5f499ae2354d8d1a,Awa,Sow,Awa Sow,F,1977-07-21,48,45-54,Benin,Cotonou,Standard,None,2023-09-01,Mobile App,488,2026-05-25 09:39:38.626811,2026-05-25 09:39:38.779183
CUST0278,d3e75572c55624303e7a79a49c42da7f659174c3c3b4eb1c9c33d9d67a759733,Koffi,Mensah,Koffi Mensah,M,1988-09-28,37,35-44,Benin,Cotonou,Standard,Explorer,2024-02-20,Travel Agency,316,2026-05-25 09:39:38.626811,2026-05-25 09:39:38.779183
CUST0279,41d4396f8649e411763907f83a309cda5dc68749adf8f19df763d6745c53d60f,Serge,Amani,Serge Amani,M,1995-09-12,30,25-34,Côte d'Ivoire,Abidjan,Business,Gold,2023-06-04,Mobile App,577,2026-05-25 09:39:38.626811,2026-05-25 09:39:38.779183
CUST0280,d9e9cb15d88b7f72468ea2d0cb69a266e9b25f1c0507f0fee8de90b442d658cd,Awa,Kone,Awa Kone,M,1993-07-19,32,25-34,Ghana,Accra,Premium,Explorer,2023-05-28,Travel Agency,584,2026-05-25 09:39:38.626811,2026-05-25 09:39:38.779183
CUST0281,6731f00f54eb901889145344c26dd66d93f78803f72aa139fdd3f82cfb47cf58,Fatou,Mensah,Fatou Mensah,M,1969-04-19,56,55+,Benin,Cotonou,Standard,None,2023-12-28,Corporate Desk,370,2026-05-25 09:39:38.626811,2026-05-25 09:39:38.779183
CUST0282,1eb64f88d72b61178ba3949b22dedec87371a98748b3ca9565fbb9f89311a074,Serge,Ouattara,Serge Ouattara,F,1996-06-06,29,25-34,Senegal,Dakar,Business,Explorer,2023-06-18,Travel Agency,563,2026-05-25 09:39:38.626811,2026-05-25 09:39:38.779183
CUST0283,24c745aa42d773508b22cdf620dc851fd959ecbc32fcd57e7f9cd823ac12f59c,Serge,Konan,Serge Konan,F,1968-07-15,57,55+,Ghana,Accra,Business,None,2024-05-28,Web,218,2026-05-25 09:39:38.626811,2026-05-25 09:39:38.779183
CUST0284,bc387a51dc56fb89fbc71aaddd219641b145b9f800809afdd660d09bb82228f1,Yao,Konan,Yao Konan,F,1968-02-03,57,55+,Ghana,Accra,Business,None,2023-10-05,Web,454,2026-05-25 09:39:38.626811,2026-05-25 09:39:38.779183
CUST0285,32d29b902d9a289995c7ddbc4a843b1ea8743986721f09e3d56e60b98cb1bc6f,Jean,Konan,Jean Konan,F,1985-06-28,40,35-44,Benin,Cotonou,Standard,Explorer,2024-11-26,Travel Agency,36,2026-05-25 09:39:38.626811,2026-05-25 09:39:38.779183
CUST0286,a260a545438e5e1dc993c82f5623f7a588865b7601d0cd3977de29ef58467504,Awa,Ouattara,Awa Ouattara,F,1970-11-20,55,55+,Ghana,Accra,Business,Gold,2024-02-14,Travel Agency,322,2026-05-25 09:39:38.626811,2026-05-25 09:39:38.779183
CUST0287,60f8289c1a0fad7bd795a4a9ede58b7df30359037a28ea1313cbf1354b1df664,Awa,Konan,Awa Konan,M,1985-01-14,40,35-44,Nigeria,Lagos,Budget,None,2023-08-04,Mobile App,516,2026-05-25 09:39:38.626811,2026-05-25 09:39:38.779183
CUST0288,9894db889174f9e4bd6bc157f740cf9567483fafd396cea4d730dacebbbcbd52,Koffi,Amani,Koffi Amani,M,1992-06-18,33,25-34,France,Paris,Business,Explorer,2023-12-05,Mobile App,393,2026-05-25 09:39:38.626811,2026-05-25 09:39:38.779183
CUST0289,5004c82b79dd0d2aa51b703448648280e620eb4c6b1e3da0f18accf6501ab65b,Didier,Mensah,Didier Mensah,M,1967-11-10,58,55+,Benin,Cotonou,Standard,Explorer,2024-06-26,Travel Agency,189,2026-05-25 09:39:38.626811,2026-05-25 09:39:38.779183
CUST0290,3321dd119a19abbe1ed4df66d047fd4412dca2972124f767e240beab1e1239dd,Fatou,Konan,Fatou Konan,M,1971-11-26,54,45-54,Ghana,Accra,Budget,Explorer,2024-02-15,Web,321,2026-05-25 09:39:38.626811,2026-05-25 09:39:38.779183
CUST0291,9fc37f9427fd021d053975393c261390f65900110f35be1e145be0845cdc0ac4,Didier,Diallo,Didier Diallo,F,1968-09-17,57,55+,Côte d'Ivoire,Abidjan,Standard,None,2024-09-12,Travel Agency,111,2026-05-25 09:39:38.626811,2026-05-25 09:39:38.779183
CUST0292,3a097084c3c1b583d0e1fb0b20ddc516ec96e40907efc903e50cb7bb28f7ba9b,Mariam,Diallo,Mariam Diallo,F,1998-01-12,27,25-34,Benin,Cotonou,Standard,Gold,2023-08-07,Travel Agency,513,2026-05-25 09:39:38.626811,2026-05-25 09:39:38.779183
CUST0293,7ff89145b56cee81b6ce8d4b0f48c14e1e6080b1652504f70ee95680b1d2a864,Nadia,Kouassi,Nadia Kouassi,M,1966-02-22,59,55+,Nigeria,Lagos,Budget,Explorer,2024-02-16,Travel Agency,320,2026-05-25 09:39:38.626811,2026-05-25 09:39:38.779183
CUST0294,9e8e1a9baf22da4f05c30d00192b73c9ef825f5ec1c4de3c21bc5690eb888106,Yao,Ndiaye,Yao Ndiaye,M,1991-07-22,34,25-34,Côte d'Ivoire,Yamoussoukro,Business,None,2023-01-22,Travel Agency,710,2026-05-25 09:39:38.626811,2026-05-25 09:39:38.779183
CUST0295,74960d214e85d77ebae31dfb2e9858156e820ad49a2a24ffb564654379972bb4,Amadou,Kouassi,Amadou Kouassi,F,1987-04-11,38,35-44,Benin,Cotonou,Standard,None,2024-05-25,Mobile App,221,2026-05-25 09:39:38.626811,2026-05-25 09:39:38.779183
CUST0296,11df96c2048c1a24557c7b10de56ebb9b0923e2a64333d8214e88a4c40ccfeb5,Mariam,Kone,Mariam Kone,M,1973-05-10,52,45-54,France,Paris,Standard,Explorer,2023-09-13,Mobile App,476,2026-05-25 09:39:38.626811,2026-05-25 09:39:38.779183
CUST0297,fcd3d04832080f0155575376caedeaa37357262f6649499263dbd3180cf23c30,Aminata,Ndiaye,Aminata Ndiaye,M,1978-10-02,47,45-54,Senegal,Dakar,Business,Silver,2023-02-17,Corporate Desk,684,2026-05-25 09:39:38.626811,2026-05-25 09:39:38.779183
CUST0298,4233a6447d96ef9085467672aba22490275a72af475aa80575b3656bf1b32f41,Amadou,Diallo,Amadou Diallo,M,1966-02-05,59,55+,Ghana,Accra,Budget,None,2024-05-29,Travel Agency,217,2026-05-25 09:39:38.626811,2026-05-25 09:39:38.779183
CUST0299,57bc63c5c6cab28aa92460a9a4f54875d6a405d085cc395ac8a96ed97542f920,Mariam,Kone,Mariam Kone,M,1970-07-11,55,55+,Côte d'Ivoire,Yamoussoukro,Premium,Silver,2023-12-10,Web,388,2026-05-25 09:39:38.626811,2026-05-25 09:39:38.779183
CUST0300,e391842c36e8dde002cb5ada4f2afa9b8b37c2d11cd09a9c23b8c0b75d66643d,Yao,Kouassi,Yao Kouassi,F,1967-03-17,58,55+,France,Paris,Standard,Silver,2023-01-21,Web,711,2026-05-25 09:39:38.626811,2026-05-25 09:39:38.779183
