flight_id,flight_hk,fuel_cost_usd,crew_cost_usd,airport_handling_usd,maintenance_usd,total_cost_usd,cost_per_seat_usd,fuel_cost_pct,crew_cost_pct,handling_cost_pct,maintenance_cost_pct,snapshot_date
FLT00001,57d441ad5de0f1f38adc5368f4c850c1d163c4096380bcfdf06fa8100f07c73d,1310.0,1637.0,470.0,783.0,4200.0,34.43,31.2,39.0,11.2,18.6,2026-05-25 09:40:58.21343
FLT00002,f7b5d3ed29e7b9b063a86acc336f305ad12e3dd87e82611812f732550dd2c99e,12422.0,29724.0,420.0,11328.0,53894.0,187.78,23.0,55.2,0.8,21.0,2026-05-25 09:40:58.21343
FLT00003,3eab9b5201222111d14e469accd0d1c80ec0f4a39d0aa89a817f633884cc4c37,896.0,1494.0,570.0,567.0,3527.0,28.91,25.4,42.4,16.2,16.1,2026-05-25 09:40:58.21343
FLT00004,11c307390c9335e98eade8ab863af2775b929e5fbad507cecb415aacffdfce6a,11945.0,29654.0,470.0,12713.0,54782.0,190.88,21.8,54.1,0.9,23.2,2026-05-25 09:40:58.21343
FLT00005,ef9a0b040a457fa17ae317314cda8cf71f9ba1f813a547de52c14699dbbe29f6,1503.0,2604.0,520.0,916.0,5543.0,36.95,27.1,47.0,9.4,16.5,2026-05-25 09:40:58.21343
FLT00006,dae15e51ad5be52ac042cf00d511c56bbaeb209d0808831f67718ac4e6fa7c03,7845.0,7166.0,520.0,3440.0,18971.0,155.5,41.4,37.8,2.7,18.1,2026-05-25 09:40:58.21343
FLT00007,c4f1cf348fe8bf770690e744a96f54edd44252d96abc85095e1c083e80b3c1ec,13377.0,31626.0,570.0,11008.0,56581.0,197.15,23.6,55.9,1.0,19.5,2026-05-25 09:40:58.21343
FLT00008,fdc9c301337e94abd1c16d1551ff410cd41e13d0a0f0261e776e28a2262fadb2,5024.0,6109.0,420.0,2658.0,14211.0,94.74,35.4,43.0,3.0,18.7,2026-05-25 09:40:58.21343
FLT00009,1e8c1a1cf0faa2b05b9c99cb1a197745ee0bb5339e2ad5f3cc7b45a7772525fc,5299.0,5419.0,570.0,2048.0,13336.0,109.31,39.7,40.6,4.3,15.4,2026-05-25 09:40:58.21343
FLT00010,a299e59e52822092df11ad7671666e8e7af59b7c094e863870835bf71966ba57,1573.0,2002.0,520.0,954.0,5049.0,41.39,31.2,39.7,10.3,18.9,2026-05-25 09:40:58.21343
FLT00011,72f8d9a58c9bb92559d4e430181f247ac8f87067a0861504193486fe5a17bce8,1258.0,1637.0,570.0,705.0,4170.0,34.18,30.2,39.3,13.7,16.9,2026-05-25 09:40:58.21343
FLT00012,a88113ea7e427cad54ef39ea5177f5180c4b5a341eae50689b4496a746f9eaf8,12781.0,29254.0,420.0,11851.0,54306.0,189.22,23.5,53.9,0.8,21.8,2026-05-25 09:40:58.21343
FLT00013,49286ff2bc6edd0823de8a8e035fb2d6a8911f2e28d104cba12ef5b9470f3a36,12078.0,32052.0,523.0,12753.0,57406.0,237.21,21.0,55.8,0.9,22.2,2026-05-25 09:40:58.21343
FLT00014,4137b93b4e9bc0180772d9a577b515505efff40f0418b0e9417aac56a3df6e7f,13003.0,31350.0,570.0,11250.0,56173.0,195.72,23.1,55.8,1.0,20.0,2026-05-25 09:40:58.21343
FLT00015,9d98870f88e5cd97ac3047a169ef6b2b93f1b30c00396c13febed1eccece01c6,2049.0,2377.0,570.0,1133.0,6129.0,50.24,33.4,38.8,9.3,18.5,2026-05-25 09:40:58.21343
FLT00016,8b1523731bf19d4b4b6934e0f6e3d5c42c8d1d9aabe339b933269290546394ac,7619.0,9169.0,570.0,3193.0,20551.0,137.01,37.1,44.6,2.8,15.5,2026-05-25 09:40:58.21343
FLT00017,7e7edb4c4c2d04d2995ae92c951b3530d7030614118c65dfe3b4fae2b7265ba6,848.0,1241.0,570.0,579.0,3238.0,26.54,26.2,38.3,17.6,17.9,2026-05-25 09:40:58.21343
FLT00018,397c055ca4fe9d176b0785fffb3b5f7c48569eb3c76e76797476feab83355f3b,8227.0,8450.0,520.0,4154.0,21351.0,142.34,38.5,39.6,2.4,19.5,2026-05-25 09:40:58.21343
FLT00019,6904aafbe74ef0646ec6f1fb9ed6341dd4f4c3511efad340afb9804369171c18,945.0,1320.0,520.0,608.0,3393.0,27.81,27.9,38.9,15.3,17.9,2026-05-25 09:40:58.21343
FLT00020,592729e3ada8da8e971d209a3aeb39401e4fe0f04eb1c7d469061c9bbf5b8a66,1548.0,1985.0,420.0,1023.0,4976.0,40.79,31.1,39.9,8.4,20.6,2026-05-25 09:40:58.21343
FLT00021,6ee90e6e5924b12c4982311b90ebd4b2c1b7d7893a99bcf9cf737ab13ca02e1f,4955.0,4796.0,520.0,2419.0,12690.0,104.02,39.0,37.8,4.1,19.1,2026-05-25 09:40:58.21343
FLT00022,e811dd72b02326537ec62c7f7cf5b6aa8506326703c6f1598e0899f2b03182e7,13836.0,28428.0,470.0,13052.0,55786.0,194.38,24.8,51.0,0.8,23.4,2026-05-25 09:40:58.21343
FLT00023,6c9ab3874e8c9bd9af7029ff928e66cbf5974a603baaa1e62afdc5ad4d811ba6,14674.0,30577.0,570.0,11040.0,56861.0,198.12,25.8,53.8,1.0,19.4,2026-05-25 09:40:58.21343
FLT00024,ef53c7a7c4e5b45842f9880673670ae5d783fc40fe3e2490fd57f989b1a180ac,1530.0,2326.0,420.0,911.0,5187.0,34.58,29.5,44.8,8.1,17.6,2026-05-25 09:40:58.21343
FLT00025,a2564e70ec8d331ab64a5fa27f458dcfef19c9374129ef8827ec57b9e5d0ab6e,14120.0,31648.0,470.0,11195.0,57433.0,200.11,24.6,55.1,0.8,19.5,2026-05-25 09:40:58.21343
FLT00026,d0a4d4217c5bf8d5c147f149c3d7a492b667e7e3cbb058550c2987fffa51fef6,14467.0,27825.0,570.0,14355.0,57217.0,199.36,25.3,48.6,1.0,25.1,2026-05-25 09:40:58.21343
FLT00027,584d1b138906b4ce73fae3587aa007459262e97d6d40fc25031e735517ea4bc0,14232.0,31014.0,520.0,12509.0,58275.0,203.05,24.4,53.2,0.9,21.5,2026-05-25 09:40:58.21343
FLT00028,f8329cf101ecda552d7247dcbe7a74776f06e13a9b64871ab982df1f8e570ac4,1744.0,2408.0,470.0,954.0,5576.0,37.17,31.3,43.2,8.4,17.1,2026-05-25 09:40:58.21343
FLT00029,67ee73e32983982569ad94f819be0671656248b9be59c48e469cd9dcc3c85cc0,1643.0,2009.0,470.0,767.0,4889.0,40.07,33.6,41.1,9.6,15.7,2026-05-25 09:40:58.21343
FLT00030,2d55b64e01b5fc464a6b4bedc86f2eed6271fb28299ec632c0222a5519bc426f,833.0,1214.0,520.0,490.0,3057.0,25.06,27.2,39.7,17.0,16.0,2026-05-25 09:40:58.21343
FLT00031,aed16deb61ae5820d7c1d5b81f86a543e446d82d93209eecd5a57fb1faccd858,915.0,1592.0,470.0,763.0,3740.0,24.93,24.5,42.6,12.6,20.4,2026-05-25 09:40:58.21343
FLT00032,6951cbaf0d920973c6cc2183f14e5033f11dc1ae2e92aef9bb8d20ab1680a5b6,12690.0,26849.0,570.0,13107.0,53216.0,185.42,23.8,50.5,1.1,24.6,2026-05-25 09:40:58.21343
FLT00033,9df57e6640c2383686516152bf363ee6b0654594464a37e7ea7ee4f347c23684,814.0,1428.0,570.0,602.0,3414.0,27.98,23.8,41.8,16.7,17.6,2026-05-25 09:40:58.21343
FLT00034,89c58a87ab20f384e73a5233df04c25493253b26c187e47ce8652a67d5d9af64,831.0,1360.0,420.0,520.0,3131.0,25.66,26.5,43.4,13.4,16.6,2026-05-25 09:40:58.21343
FLT00035,73a48306337c51c0b05a189177337c87d47290566549a140dba2e5ca91943381,822.0,1584.0,570.0,661.0,3637.0,24.25,22.6,43.6,15.7,18.2,2026-05-25 09:40:58.21343
FLT00036,5faf56209a1b6a4119dae1785fc077fd0fbb6d3d729cbe2acd5477597d5e902d,2939.0,3812.0,455.0,1890.0,9096.0,55.13,32.3,41.9,5.0,20.8,2026-05-25 09:40:58.21343
FLT00037,efb823bbbe5cae41fce36f655a1c5eea74b1e0395bde0daa641ebcd9ebd53d40,14451.0,32359.0,470.0,11609.0,58889.0,205.19,24.5,54.9,0.8,19.7,2026-05-25 09:40:58.21343
FLT00038,ac4ad020b030607c831a6f3a0738c3919b3a3fa7d191563a8ce1af9e3daf9a96,13231.0,31115.0,420.0,11332.0,56098.0,195.46,23.6,55.5,0.7,20.2,2026-05-25 09:40:58.21343
FLT00039,5806cf29ca660cb9798920f622a5ffbbee160e2ff7ac7189a1ef1348bb5d9640,3390.0,4265.0,451.0,1926.0,10032.0,66.88,33.8,42.5,4.5,19.2,2026-05-25 09:40:58.21343
FLT00040,1bb9058886281c2d27d4288fdcbca5f780dcee264bafc3f75e50e91398f9b6dc,13979.0,30036.0,470.0,12113.0,56598.0,197.21,24.7,53.1,0.8,21.4,2026-05-25 09:40:58.21343
FLT00041,aaedec33c54bc08ee2ca1fbfe46b7d5640cdf4423d6c6f69893baa25a9e4ce66,957.0,1220.0,570.0,563.0,3310.0,27.13,28.9,36.9,17.2,17.0,2026-05-25 09:40:58.21343
FLT00042,a13f5299c8d816df267f466abfd3026494c162a99bd0c9d8cff0c84c0db2bddc,12613.0,32319.0,420.0,14260.0,59612.0,207.71,21.2,54.2,0.7,23.9,2026-05-25 09:40:58.21343
FLT00043,91f8ab8b111c4514b0eb410f4aaf3158bb4e50f2bc711716467ab5bac5749e53,1294.0,1634.0,420.0,828.0,4176.0,34.23,31.0,39.1,10.1,19.8,2026-05-25 09:40:58.21343
FLT00044,133ba87f1b16b7147c51d6373ad714860a1dad337b36090eb261cc7e76a79b4a,11865.0,28423.0,420.0,11709.0,52417.0,182.64,22.6,54.2,0.8,22.3,2026-05-25 09:40:58.21343
FLT00045,bf7ed41cd0c8b234f16550db82cf0d7ae75d9127a19ed3a649e6f0d83e882ad2,12662.0,27177.0,520.0,10935.0,51294.0,178.72,24.7,53.0,1.0,21.3,2026-05-25 09:40:58.21343
FLT00046,22344493459dea6902697e42365e3a1cbc6ceabd00748b67d670934d64ddfe6d,1539.0,1976.0,520.0,888.0,4923.0,40.35,31.3,40.1,10.6,18.0,2026-05-25 09:40:58.21343
FLT00047,51f320e9d0adbfac2cbeaea9bcb06ec9600a983064792ee00d68f690ff8001c9,1239.0,1842.0,420.0,638.0,4139.0,33.93,29.9,44.5,10.1,15.4,2026-05-25 09:40:58.21343
FLT00048,b997c6d7121a808e81c09357e5aab3c81b7cf7a03d737ddd46764e7e1351ddcc,820.0,1628.0,420.0,796.0,3664.0,24.43,22.4,44.4,11.5,21.7,2026-05-25 09:40:58.21343
FLT00049,f516ad616b54d0ac9dc50017d4779ad225dd2b5a50fb3aee2a8f8e1ab2d43df6,1504.0,2556.0,520.0,1075.0,5655.0,37.7,26.6,45.2,9.2,19.0,2026-05-25 09:40:58.21343
FLT00050,08bac1e9a88d374de892281408e045ad920973595ba75fc329513b72b57a4a97,12208.0,31627.0,520.0,14571.0,58926.0,205.32,20.7,53.7,0.9,24.7,2026-05-25 09:40:58.21343
FLT00051,0d04ecae88b93cf65b4f82baa961d0f839fd8d365e82e7cdf22c46372bd218fc,1191.0,1813.0,470.0,681.0,4155.0,34.06,28.7,43.6,11.3,16.4,2026-05-25 09:40:58.21343
FLT00052,8e3e3bfff6a34f5cf1b25025107259b91e03e3d3b50c6c2ccc07e94bf7dfc45d,11776.0,27296.0,520.0,12019.0,51611.0,179.83,22.8,52.9,1.0,23.3,2026-05-25 09:40:58.21343
FLT00053,48766bf927b7bc70103d70508292c5ff6beddcf46dc11aa56d581d0b66133848,4544.0,5056.0,520.0,1894.0,12014.0,98.48,37.8,42.1,4.3,15.8,2026-05-25 09:40:58.21343
FLT00054,f7dfdf6a78829018a5dbeee5abf4e36dc5fa665eed194b9315c0f52b9463e8ed,1659.0,2020.0,570.0,914.0,5163.0,42.32,32.1,39.1,11.0,17.7,2026-05-25 09:40:58.21343
FLT00055,ae65a8b75aea0849c244aecc388cc73f2727a19768b1b5f41f02c12e3f31e7f6,7446.0,7873.0,470.0,3193.0,18982.0,155.59,39.2,41.5,2.5,16.8,2026-05-25 09:40:58.21343
FLT00056,edc2d39a8702c12168bff080e3e7e53a2f2c45c98b134dd1a46b4bdec34c0270,1592.0,1946.0,520.0,1008.0,5066.0,41.52,31.4,38.4,10.3,19.9,2026-05-25 09:40:58.21343
FLT00057,37f339487e3bd7b422867ac1e1ad7016d20e6a4fdcea6a1d03b44f40a19465fa,3543.0,3859.0,467.0,1649.0,9518.0,63.45,37.2,40.5,4.9,17.3,2026-05-25 09:40:58.21343
FLT00058,33e7d8b3b7bd7bddc4b99145f7c836a04512f6bb8e99f72154145af4904965a0,14581.0,29649.0,470.0,14548.0,59248.0,206.44,24.6,50.0,0.8,24.6,2026-05-25 09:40:58.21343
FLT00059,f04625927cb5c3f2c8e8f6b2e77f27c77c95723a7062a3b6d7377b97e5158d5d,970.0,1516.0,570.0,531.0,3587.0,29.4,27.0,42.3,15.9,14.8,2026-05-25 09:40:58.21343
FLT00060,e1cc72684f17b6afed40f96e7efc5baee7f976f34694c69eff5e27f43e0d69fa,1712.0,2568.0,470.0,967.0,5717.0,38.11,29.9,44.9,8.2,16.9,2026-05-25 09:40:58.21343
FLT00061,01a784438235fe3370663eaa63435d34402c0047893ac6dd7e37ef76e043b9c7,11904.0,29548.0,493.0,11984.0,53929.0,222.85,22.1,54.8,0.9,22.2,2026-05-25 09:40:58.21343
FLT00062,09d041bfb51044b07f70b1435ad0de706f96419bdc147e3380cc2a81ba455e47,12881.0,30908.0,470.0,11553.0,55812.0,194.47,23.1,55.4,0.8,20.7,2026-05-25 09:40:58.21343
FLT00063,41832f3df1e516cbb7eb04e61eff700d32b1558caa684af81da7537d718e1427,855.0,1766.0,520.0,683.0,3824.0,25.49,22.4,46.2,13.6,17.9,2026-05-25 09:40:58.21343
FLT00064,8a38912f1a4ab44748580440f466728b0f1b9af406126f32cd9e99cc18e8a5fc,13269.0,32417.0,520.0,14600.0,60806.0,211.87,21.8,53.3,0.9,24.0,2026-05-25 09:40:58.21343
FLT00065,62f270c22b894c05fdacdb08d0e3cd02589c9bcce0a713152cbf118150c3a2ee,3227.0,3799.0,478.0,1714.0,9218.0,55.87,35.0,41.2,5.2,18.6,2026-05-25 09:40:58.21343
FLT00066,809c80a445a066db54828083bb66449971fa041f372412ffc2f20594698ec5ce,12336.0,29024.0,520.0,11771.0,53651.0,186.94,23.0,54.1,1.0,21.9,2026-05-25 09:40:58.21343
FLT00067,07987f92b659b8b0ac61fb5d3a6f995fdcbaf9b56640dcfa3f1cf06f7b6fa241,12500.0,32024.0,470.0,11951.0,56945.0,198.41,22.0,56.2,0.8,21.0,2026-05-25 09:40:58.21343
FLT00068,e8d3c196f89087f7f9044291783aa720092075d7877a97f2b88e12a1da1a36f9,8105.0,7710.0,470.0,3022.0,19307.0,158.25,42.0,39.9,2.4,15.7,2026-05-25 09:40:58.21343
FLT00069,e464cf026555a199b21426af7b31da56487b343fcc462c2d68210dfec6375a15,3129.0,4328.0,469.0,1766.0,9692.0,58.74,32.3,44.7,4.8,18.2,2026-05-25 09:40:58.21343
FLT00070,851bd02a36863230bff8407654c53448b8b36fee91b047778205036d4b87a023,5113.0,5750.0,520.0,2576.0,13959.0,93.06,36.6,41.2,3.7,18.5,2026-05-25 09:40:58.21343
FLT00071,dd9e1a6242b009e2c80b3dd24870731586bfeed63b7bac12bb0763a33adfd829,915.0,1636.0,470.0,740.0,3761.0,25.07,24.3,43.5,12.5,19.7,2026-05-25 09:40:58.21343
FLT00072,bcfea7134d5e725b9cb855be52c3028273b5928d510fb0f13f0a61e7ba7c8da7,4995.0,5442.0,520.0,2315.0,13272.0,88.48,37.6,41.0,3.9,17.4,2026-05-25 09:40:58.21343
FLT00073,fb6ee82ec7a83e8e596637841528e561c684c933d263b62000bebf2dc2a0bedc,12766.0,27204.0,570.0,11792.0,52332.0,182.34,24.4,52.0,1.1,22.5,2026-05-25 09:40:58.21343
FLT00074,4a6ea642823c99c9849cb178469f1e54c37829d69f71e4b02c0a1c7040194ec0,937.0,1791.0,470.0,749.0,3947.0,26.31,23.7,45.4,11.9,19.0,2026-05-25 09:40:58.21343
FLT00075,3cc2bce4871efa9ef86ea074b60314086dfc753abef7f24ddbef4ee1d90839df,4545.0,6343.0,470.0,2666.0,14024.0,93.49,32.4,45.2,3.4,19.0,2026-05-25 09:40:58.21343
FLT00076,95e28b5138aa0f5f2fd23e1c8b72fc7c1b6b60c244efc06c0fb98f807030c240,823.0,1339.0,570.0,639.0,3371.0,27.63,24.4,39.7,16.9,19.0,2026-05-25 09:40:58.21343
FLT00077,0257923731f2ea3cf0ab4c154ca208b868bbf5aef389eee6eefb577dfd14d7b1,12618.0,26735.0,511.0,11682.0,51546.0,213.0,24.5,51.9,1.0,22.7,2026-05-25 09:40:58.21343
FLT00078,44a6c158bd6607356673e8bcbd253349ebf608fe7339f95942b32c18af14d389,7910.0,8014.0,420.0,4069.0,20413.0,136.09,38.7,39.3,2.1,19.9,2026-05-25 09:40:58.21343
FLT00079,5564a64801b46c365c30b69b9737a3f334d99bb201b6aac5ddbd4e71b50cb18d,2428.0,3227.0,551.0,1344.0,7550.0,61.89,32.2,42.7,7.3,17.8,2026-05-25 09:40:58.21343
FLT00080,e0c7cd6cd2f2bc15084deaefb7fd10d216ff4475589423056c7a9a0205912215,878.0,1513.0,520.0,702.0,3613.0,29.61,24.3,41.9,14.4,19.4,2026-05-25 09:40:58.21343
FLT00081,b6d59807cc061c1582128a1199108c9f5840501c9bb302da984ab716eb84596a,13580.0,30431.0,570.0,13850.0,58431.0,203.59,23.2,52.1,1.0,23.7,2026-05-25 09:40:58.21343
FLT00082,2d4dae1ba66d83550dd43966999d1b390f818a5fb69654b40392f6d5b02e0d93,13394.0,28459.0,570.0,12707.0,55130.0,192.09,24.3,51.6,1.0,23.0,2026-05-25 09:40:58.21343
FLT00083,1f655c5fc7e6d463e526e37df109bebc4047b359b86c5db1eec8b6710f0761e8,932.0,1674.0,470.0,667.0,3743.0,24.95,24.9,44.7,12.6,17.8,2026-05-25 09:40:58.21343
FLT00084,869e83c852e36c661cb503d5ae3b9115fe8fcd5b1640238a2cd0afd87a5e129c,2555.0,2723.0,522.0,1251.0,7051.0,57.8,36.2,38.6,7.4,17.7,2026-05-25 09:40:58.21343
FLT00085,8f6021a053208bc6c4d58f3f7199ea445af741a8e35e06ade7b2cc0488e61582,920.0,1723.0,420.0,697.0,3760.0,25.07,24.5,45.8,11.2,18.5,2026-05-25 09:40:58.21343
FLT00086,db794055482461f1ffc95eb4854b0876e0a9c8ab567bdde25fa4703779320b87,1587.0,2313.0,570.0,1006.0,5476.0,36.51,29.0,42.2,10.4,18.4,2026-05-25 09:40:58.21343
FLT00087,07d4f93acd2c3f0d34cc35712f673b6c578ce6ffd74f2c5dc9c026977f53a388,13614.0,25848.0,570.0,11917.0,51949.0,181.01,26.2,49.8,1.1,22.9,2026-05-25 09:40:58.21343
FLT00088,b2205c81a3d8da31d0e3a180652eb7f9b16b21a2d04ffbd84b885aae1142bcaf,1696.0,2564.0,570.0,1052.0,5882.0,39.21,28.8,43.6,9.7,17.9,2026-05-25 09:40:58.21343
FLT00089,54054698563b88861f4e947cfbb2ba2b33b1f7c1a2e9001bcb6732fb510037cd,14353.0,32016.0,570.0,11814.0,58753.0,204.71,24.4,54.5,1.0,20.1,2026-05-25 09:40:58.21343
FLT00090,0434c095b215cb382301c949eb7073dbaa633f42edff9c802a31b3dc671403f8,7312.0,8271.0,570.0,3885.0,20038.0,133.59,36.5,41.3,2.8,19.4,2026-05-25 09:40:58.21343
FLT00091,17e118e6a14631bff7a5d1c2e2b8919c78f196320a591d85f9191917f82a5a4c,14395.0,31661.0,420.0,14138.0,60614.0,211.2,23.7,52.2,0.7,23.3,2026-05-25 09:40:58.21343
FLT00092,e67aee89aa6aad96c089b52af255650d997218e6d2f4763db62fd76cb49433e1,12660.0,25881.0,570.0,10689.0,49800.0,173.52,25.4,52.0,1.1,21.5,2026-05-25 09:40:58.21343
FLT00093,8dbae5d90fc1a851bf668ab1f079e44d0431683ebba2a70a3b4fed6926538085,12435.0,28272.0,520.0,11510.0,52737.0,183.75,23.6,53.6,1.0,21.8,2026-05-25 09:40:58.21343
FLT00094,bc5b5ef7ea013bdf597500afaec8598b9223277dc8b2be74f68d928d89f12664,1699.0,2380.0,570.0,963.0,5612.0,37.41,30.3,42.4,10.2,17.2,2026-05-25 09:40:58.21343
FLT00095,b4a15569c833a311bebd6c568b15f9c5a43658cf3591271cf8635c67db521d3b,3071.0,4090.0,452.0,1905.0,9518.0,63.45,32.3,43.0,4.7,20.0,2026-05-25 09:40:58.21343
FLT00096,a9dedcb3b461430386e08c646a81d8de5ebe61659234a69605a86f9978752ca5,1313.0,1829.0,470.0,806.0,4418.0,36.21,29.7,41.4,10.6,18.2,2026-05-25 09:40:58.21343
FLT00097,6ebc3a3166c410b1beb090dab09fa4558ab2e3dbfe7753cc6906fd1323ab671b,11630.0,26325.0,420.0,12230.0,50605.0,176.32,23.0,52.0,0.8,24.2,2026-05-25 09:40:58.21343
FLT00098,22abcb6a32028af3fbeb719da8d3db7d5da98dad8b6e365acd2db2545c97b203,921.0,1740.0,470.0,738.0,3869.0,25.79,23.8,45.0,12.1,19.1,2026-05-25 09:40:58.21343
FLT00099,696a5649f2ca81fe717b5a1abc01161365d2b5b333fb32c983888a9db5b1ba26,1366.0,1599.0,420.0,825.0,4210.0,34.51,32.4,38.0,10.0,19.6,2026-05-25 09:40:58.21343
FLT00100,7d292a85e0f5ad791b18f675e6c60b39a0ce0a6cd4f856928d9070b0cd8577b8,12943.0,30053.0,570.0,13589.0,57155.0,199.15,22.6,52.6,1.0,23.8,2026-05-25 09:40:58.21343
FLT00101,57c5991ba6c9d01ec821e4ebd04e8318b9ca5c17701727aff9840e326b523b98,902.0,1520.0,470.0,545.0,3437.0,28.17,26.2,44.2,13.7,15.9,2026-05-25 09:40:58.21343
FLT00102,fc7d71a1d3f760e35a1c257e850b86dc0cc95bba0027d225968575e037b4e07e,5241.0,5173.0,420.0,2093.0,12927.0,105.96,40.5,40.0,3.2,16.2,2026-05-25 09:40:58.21343
FLT00103,2615f9bacbd26affd532a772807b1f6ace6a56c6175a8fd5fe7fcbc7bffa7a65,7376.0,8694.0,420.0,4022.0,20512.0,136.75,36.0,42.4,2.0,19.6,2026-05-25 09:40:58.21343
FLT00104,38b2f3272ae3f4331cb6078a5af59426cda29c316de968abed2913c4d06d6cd7,12233.0,31568.0,570.0,13384.0,57755.0,201.24,21.2,54.7,1.0,23.2,2026-05-25 09:40:58.21343
FLT00105,f25300fdc899f7b19af77f8517786b62b76912c32d6c868b9bda0e9cd803faf9,8450.0,7897.0,520.0,3260.0,20127.0,164.98,42.0,39.2,2.6,16.2,2026-05-25 09:40:58.21343
FLT00106,ae8dedec4aa1dc9592bda40d85840b7bd49770cfc918b51d5b470ee04ca5179e,14285.0,29931.0,520.0,12212.0,56948.0,198.43,25.1,52.6,0.9,21.4,2026-05-25 09:40:58.21343
FLT00107,53a26af5874e9b5d01476be45075e1d18866042249758e8c492cfd3058296d6f,846.0,1432.0,570.0,632.0,3480.0,28.52,24.3,41.1,16.4,18.2,2026-05-25 09:40:58.21343
FLT00108,85e350fbd1c469b66c6906600c30a013adf041e93d3e0e47d377c2a036ede7c9,7311.0,8970.0,470.0,3626.0,20377.0,135.85,35.9,44.0,2.3,17.8,2026-05-25 09:40:58.21343
FLT00109,28696530a4cf9ba1ceaafe6929b94ad725f465922f946b567b54315e7939452d,1563.0,2574.0,520.0,1057.0,5714.0,38.09,27.4,45.0,9.1,18.5,2026-05-25 09:40:58.21343
FLT00110,0e4ede0a7f6f0c9cd3d35efa2ed3310e32bf23be607cab53b42908f2a951a57d,14754.0,28104.0,570.0,12856.0,56284.0,196.11,26.2,49.9,1.0,22.8,2026-05-25 09:40:58.21343
FLT00111,3cb985fa36e815f8f457e20d8c9cfba712502af17dfb5a2072af3ea98768786e,911.0,1666.0,420.0,628.0,3625.0,24.17,25.1,46.0,11.6,17.3,2026-05-25 09:40:58.21343
FLT00112,ac364776721632b13138c2fd4ea4056cf19ea31154bb0d1409577aee77fc2b4b,919.0,1617.0,520.0,709.0,3765.0,25.1,24.4,42.9,13.8,18.8,2026-05-25 09:40:58.21343
FLT00113,56ab601da0e621e17b4a28c27978257cb40033eb6e4790b75ddf51597f7c5e36,13118.0,32492.0,520.0,12327.0,58457.0,203.68,22.4,55.6,0.9,21.1,2026-05-25 09:40:58.21343
FLT00114,b04d4bf5d1fd45ac821d11bb7e38b3d8890fc706f808505579e2e81d99d3c273,12672.0,28231.0,420.0,13436.0,54759.0,190.8,23.1,51.6,0.8,24.5,2026-05-25 09:40:58.21343
FLT00115,57b7f55176bf672bf573bd649326236d52d34263e7c4fdc67bb965b2450c1883,1693.0,2251.0,470.0,817.0,5231.0,42.88,32.4,43.0,9.0,15.6,2026-05-25 09:40:58.21343
FLT00116,d8190907a28be4ab361f1e8f9c9e4770ddf80c9e18b753d92b5934f66624a80b,12687.0,29821.0,520.0,14416.0,57444.0,200.15,22.1,51.9,0.9,25.1,2026-05-25 09:40:58.21343
FLT00117,7d651749b57633aa3be73b864aa959d23d44e8bcdf101b9f18d9eb8c97272bec,837.0,1583.0,420.0,760.0,3600.0,24.0,23.3,44.0,11.7,21.1,2026-05-25 09:40:58.21343
FLT00118,02e4f90abebcbeff651a65ba9b4a350d78b323e54d8776421ed7c760cd72b805,1775.0,2535.0,520.0,1239.0,6069.0,40.46,29.2,41.8,8.6,20.4,2026-05-25 09:40:58.21343
FLT00119,8500eb338e5e1c8a919d3357d2b791165e067451e528558aedf866404cc20be7,1798.0,2517.0,520.0,1159.0,5994.0,39.96,30.0,42.0,8.7,19.3,2026-05-25 09:40:58.21343
FLT00120,5a0b81cf19b8d452e8a94469e4916fe7397d4db212ab88c6723f2180c1791487,12857.0,31590.0,520.0,14267.0,59234.0,206.39,21.7,53.3,0.9,24.1,2026-05-25 09:40:58.21343
FLT00121,d1d34a44529ab18c7c2db41fc2e1452ac9cfb9db3d6f1d9842bbefd770c34a95,12255.0,27355.0,570.0,10990.0,51170.0,178.29,23.9,53.5,1.1,21.5,2026-05-25 09:40:58.21343
FLT00122,caee488f42341891c93191744652cfede398cd76f0adb1dec3410e8b21811143,847.0,1326.0,520.0,492.0,3185.0,26.11,26.6,41.6,16.3,15.4,2026-05-25 09:40:58.21343
FLT00123,536c548d2f95851022e550beeb654c8ed332d07284a07978dc69044616a8adab,896.0,1424.0,470.0,670.0,3460.0,28.36,25.9,41.2,13.6,19.4,2026-05-25 09:40:58.21343
FLT00124,4ce1f820104a9ac770a5ad49acdc3bd4ae44236fc482dfcd32a05f8e4ffdbc01,8732.0,8218.0,570.0,3427.0,20947.0,139.65,41.7,39.2,2.7,16.4,2026-05-25 09:40:58.21343
FLT00125,5fcd9b01c946ad4154bff5f3b2fbd66ec936a89a8dff2e0d2c6d74f50d07c627,11400.0,30061.0,420.0,13611.0,55492.0,193.35,20.5,54.2,0.8,24.5,2026-05-25 09:40:58.21343
FLT00126,a14a180d2e72815a0511274db7eeafb4c7ed6ede6b85b68a2dd3eb95f3032095,844.0,1347.0,470.0,558.0,3219.0,26.39,26.2,41.8,14.6,17.3,2026-05-25 09:40:58.21343
FLT00127,b2ac4118f8de1a397e035061274890e2c30ffdd0330f2d5bcee631d385f5a618,1126.0,1693.0,570.0,685.0,4074.0,33.39,27.6,41.6,14.0,16.8,2026-05-25 09:40:58.21343
FLT00128,2098096ec177ecc4a2e418ac283efef1acaf4aa5b17b40e5119325d999b30541,922.0,1723.0,570.0,623.0,3838.0,25.59,24.0,44.9,14.9,16.2,2026-05-25 09:40:58.21343
FLT00129,440afab777e965cbda7cc0c3d8a89208afe53d293fa7746be17a0032a9d35f24,936.0,1702.0,470.0,699.0,3807.0,25.38,24.6,44.7,12.3,18.4,2026-05-25 09:40:58.21343
FLT00130,b12f88bfe6d9980bdd1a53bd36ab53c6e940500e5b2b53f50df20da8db5198f0,12796.0,28410.0,520.0,14164.0,55890.0,194.74,22.9,50.8,0.9,25.3,2026-05-25 09:40:58.21343
FLT00131,31cc578858f7d9b765ef2f7a364cbd60ebdfe0e899762c04b62759aa314a9ae5,1166.0,1654.0,520.0,718.0,4058.0,33.26,28.7,40.8,12.8,17.7,2026-05-25 09:40:58.21343
FLT00132,e5205d00684e6e85ee3681e714078bcf29b65e79aeb25cbba62dd6ab69433189,13782.0,30340.0,520.0,12602.0,57244.0,199.46,24.1,53.0,0.9,22.0,2026-05-25 09:40:58.21343
FLT00133,4d4cb9b2a6e15ddb52303c4ed11e43a39eb86ced29b079248074f88752936f86,13115.0,29861.0,570.0,13487.0,57033.0,198.72,23.0,52.4,1.0,23.6,2026-05-25 09:40:58.21343
FLT00134,8cf52f1a8637e243a27f68d131e8488f6ea56192a64341645b8157b4edec936a,11875.0,26169.0,420.0,13798.0,52262.0,182.1,22.7,50.1,0.8,26.4,2026-05-25 09:40:58.21343
FLT00135,916c098a6fb52ee0d4843d5dca385ddd10323730fde84d48c90419ac2b0ad044,5208.0,4853.0,570.0,2468.0,13099.0,107.37,39.8,37.0,4.4,18.8,2026-05-25 09:40:58.21343
FLT00136,3717111dfc87bf628ba17ba2b8812c91187d2231b3c047a7c8cdcb3fab9971d6,2006.0,2726.0,420.0,1159.0,6311.0,42.07,31.8,43.2,6.7,18.4,2026-05-25 09:40:58.21343
FLT00137,fb874ef6917a58ecc4aa893275516f4b1cbc153808215543af99732a77ac2fdd,7784.0,7956.0,470.0,3454.0,19664.0,131.09,39.6,40.5,2.4,17.6,2026-05-25 09:40:58.21343
FLT00138,b3d2585f34b54f0081794e80d5f8b46e764b7c2212645ffec21ae5b9e365e40d,12718.0,31494.0,420.0,12429.0,57061.0,198.82,22.3,55.2,0.7,21.8,2026-05-25 09:40:58.21343
FLT00139,c20176b0cf583702067eb3764e6ffb16d04a22327a9ee1225d6504e80683de07,1557.0,2609.0,570.0,1154.0,5890.0,39.27,26.4,44.3,9.7,19.6,2026-05-25 09:40:58.21343
FLT00140,4a0910a5eac6ddecb097a9fbf7270d070f4fcaa7c84543c39c23f01d3ca5f4fa,11791.0,30358.0,481.0,12557.0,55187.0,228.05,21.4,55.0,0.9,22.8,2026-05-25 09:40:58.21343
FLT00141,0ab142769891e924d8ba5f85f3c14d5d9f47ed0e2395e4ad591813a89cb3ecff,13613.0,30623.0,470.0,11719.0,56425.0,196.6,24.1,54.3,0.8,20.8,2026-05-25 09:40:58.21343
FLT00142,790b97749f0751f941ce2eaf0acde54aae3fd38f7127487af824af16d6d5e314,1929.0,2817.0,420.0,1005.0,6171.0,41.14,31.3,45.6,6.8,16.3,2026-05-25 09:40:58.21343
FLT00143,90c70f978c6609526ad94231cd0e29f9b5d54d53074a8e58af9b3cf9d7bda21e,13247.0,28940.0,520.0,12183.0,54890.0,191.25,24.1,52.7,0.9,22.2,2026-05-25 09:40:58.21343
FLT00144,9201ed0273002ed0d7e42c2ebd816be043de0af9dd33c21677d41881c78aa85a,13292.0,28774.0,420.0,12751.0,55237.0,192.46,24.1,52.1,0.8,23.1,2026-05-25 09:40:58.21343
FLT00145,9ba7881cce2e5086d169f4a537a4accb90318254fbca9a3dca62b0a5675d4b53,1250.0,1765.0,520.0,713.0,4248.0,34.82,29.4,41.5,12.2,16.8,2026-05-25 09:40:58.21343
FLT00146,0f04d9fd92f3162d1b9c7a96d7c45ddc198113c3b7141b26596d907d16d020b5,14556.0,28195.0,470.0,12160.0,55381.0,192.97,26.3,50.9,0.8,22.0,2026-05-25 09:40:58.21343
FLT00147,5dbc49270dcb4cb82753b3376c2e1e71a193196e85b6dca46b6701a8b33971ec,12520.0,29699.0,420.0,11194.0,53833.0,187.57,23.3,55.2,0.8,20.8,2026-05-25 09:40:58.21343
FLT00148,4461ef627ab3128dbccda2ce0c72cf911c7ce94400c544cf20072e116e22471a,8773.0,8504.0,420.0,3403.0,21100.0,140.67,41.6,40.3,2.0,16.1,2026-05-25 09:40:58.21343
FLT00149,0dc2c9c2313afb0438358e6036e60921f6138883e489f2773225c12aa8c6657d,5309.0,5864.0,570.0,2417.0,14160.0,94.4,37.5,41.4,4.0,17.1,2026-05-25 09:40:58.21343
FLT00150,5c38b292330b54898a78b38900de4a841cea3ab7245b9abdf0b1df6f113db8fa,14253.0,29509.0,520.0,14330.0,58612.0,204.22,24.3,50.3,0.9,24.4,2026-05-25 09:40:58.21343
FLT00151,07de206ae4173850649f5944b8ca96c05e6079028b2080e6b13605e45877f6a5,838.0,1742.0,420.0,676.0,3676.0,24.51,22.8,47.4,11.4,18.4,2026-05-25 09:40:58.21343
FLT00152,203f627f65bf2eb160e040d1e1d2c97f829117a9df2442885a1326aa14fa5107,13826.0,30865.0,570.0,14446.0,59707.0,208.04,23.2,51.7,1.0,24.2,2026-05-25 09:40:58.21343
FLT00153,0e54ad9f908a0ec9a4adcd1f524e1dc198c234e5c35ac12b7c74ebce68c84c4e,2135.0,2567.0,520.0,1300.0,6522.0,43.48,32.7,39.4,8.0,19.9,2026-05-25 09:40:58.21343
FLT00154,ce191c457060ec89d821334b0eb4b9c233a45cbd58656d788b694fa38deea24a,12217.0,31331.0,420.0,13441.0,57409.0,200.03,21.3,54.6,0.7,23.4,2026-05-25 09:40:58.21343
FLT00155,e81647977fa5bcd19ad93ce5b7b29efa4952b82d76ee32e95c034bbe8cbe81ba,7386.0,7681.0,520.0,2997.0,18584.0,152.33,39.7,41.3,2.8,16.1,2026-05-25 09:40:58.21343
FLT00156,420f37157cdcd4f98eb67330f1b896bd19a9f8529cd5350fd724c575d712dfd5,8640.0,7764.0,570.0,3579.0,20553.0,168.47,42.0,37.8,2.8,17.4,2026-05-25 09:40:58.21343
FLT00157,81340cac2b89c28de3f3219cf39308b0b9d72153f3168ab485dcc062a0a1df21,14269.0,27217.0,420.0,11597.0,53503.0,186.42,26.7,50.9,0.8,21.7,2026-05-25 09:40:58.21343
FLT00158,480b67ca04981343e62d6de3409636f7252686133535fe7d39509e93154638a4,5192.0,5065.0,420.0,2365.0,13042.0,106.9,39.8,38.8,3.2,18.1,2026-05-25 09:40:58.21343
FLT00159,8148659a3503b27a85131177c4c2d6ab62109e7e967264f304178cebf3ab9dd1,2684.0,2774.0,551.0,1336.0,7345.0,60.2,36.5,37.8,7.5,18.2,2026-05-25 09:40:58.21343
FLT00160,40522c52f540a79804bf5743023f97a23dc9ac7ce3505808f5fae9eae0f5326b,3614.0,4417.0,508.0,1909.0,10448.0,69.65,34.6,42.3,4.9,18.3,2026-05-25 09:40:58.21343
FLT00161,6f1862880180e5d2d3fa2a064f2c482dd9b400b7636cecc963f6bdfbc8265d29,12954.0,26567.0,470.0,10484.0,50475.0,175.87,25.7,52.6,0.9,20.8,2026-05-25 09:40:58.21343
FLT00162,6c3aea00e030b3a1569b9d9f7608712d93f898f45f47d26e87e46b443943d56f,8069.0,7448.0,470.0,3113.0,19100.0,156.56,42.2,39.0,2.5,16.3,2026-05-25 09:40:58.21343
FLT00163,a5c2c1c7e83d6f3d4943eb76becf3067d564a535145126abcfa934c98f579a24,4705.0,5451.0,570.0,2840.0,13566.0,90.44,34.7,40.2,4.2,20.9,2026-05-25 09:40:58.21343
FLT00164,d2808ea32d5c05efb95f965454617c8178532f719242940e1306387d8774f00e,12615.0,29819.0,520.0,14787.0,57741.0,201.19,21.8,51.6,0.9,25.6,2026-05-25 09:40:58.21343
FLT00165,d349a19c06a69f285b5404b2ab8cd65e0ff5b237ea2f863467929b6b15d788a4,5136.0,5874.0,520.0,2306.0,13836.0,92.24,37.1,42.5,3.8,16.7,2026-05-25 09:40:58.21343
FLT00166,19064983290ca0adbb1bd5a929edeac464090e8abf93dff99558cc13adc2868f,7437.0,8332.0,520.0,3722.0,20011.0,133.41,37.2,41.6,2.6,18.6,2026-05-25 09:40:58.21343
FLT00167,97831d992e788259c5be78ccd61e310c8403eaaf5aa9ea06192ff3083789f711,5421.0,5248.0,520.0,1870.0,13059.0,107.04,41.5,40.2,4.0,14.3,2026-05-25 09:40:58.21343
FLT00168,7a8a460b30c1da70032dbdcb92095e3cee2f71aaf2c444b026c7ef5f9de14824,3049.0,3845.0,453.0,1699.0,9046.0,60.31,33.7,42.5,5.0,18.8,2026-05-25 09:40:58.21343
FLT00169,04040856ef643889d5f469f7c1b7daa6ea3d37bcb5a2fe170c09a679566b911c,1659.0,2141.0,470.0,935.0,5205.0,42.66,31.9,41.1,9.0,18.0,2026-05-25 09:40:58.21343
FLT00170,35e56fdd3703fb90325b5b71d5628daba0a703b5b822402c55e9abec42f8bbe2,2600.0,2826.0,537.0,1230.0,7193.0,58.96,36.1,39.3,7.5,17.1,2026-05-25 09:40:58.21343
FLT00171,fb2a81c566e5905485d64438fb3bd0286ad8d70ef55c4453e8c57259f7b0ff21,3177.0,4129.0,463.0,1867.0,9636.0,64.24,33.0,42.8,4.8,19.4,2026-05-25 09:40:58.21343
FLT00172,ccbaec0799becfef73e6557e8e77cb0a323f4f53a285cbe9da1131c576b7347f,14560.0,29454.0,520.0,14179.0,58713.0,204.57,24.8,50.2,0.9,24.1,2026-05-25 09:40:58.21343
FLT00173,29f3fb3fb87b28d412ed917f79adbfd4eab29768d03a38315bb4bee91e18724a,5410.0,5721.0,520.0,2766.0,14417.0,96.11,37.5,39.7,3.6,19.2,2026-05-25 09:40:58.21343
FLT00174,49a79f9de343ce0e20522e6ee10762a2ea605131668aec1ad9ccb26134b40976,14510.0,27710.0,470.0,13961.0,56651.0,197.39,25.6,48.9,0.8,24.6,2026-05-25 09:40:58.21343
FLT00175,6c18754179d33b426bb95f30e6bad49eee7165eac20b5393163fc6f5d650a577,7411.0,8350.0,520.0,3680.0,19961.0,133.07,37.1,41.8,2.6,18.4,2026-05-25 09:40:58.21343
FLT00176,518a5a167ab970572e6a7058963f1e244e24e9c5a6f6c63e5d102c608fe992df,12931.0,30571.0,520.0,12920.0,56942.0,198.4,22.7,53.7,0.9,22.7,2026-05-25 09:40:58.21343
FLT00177,c4b642ae00b305b8c2d034882674be65cb944a7bcc526ad56364cab57ce95fa2,1671.0,2090.0,520.0,1012.0,5293.0,43.39,31.6,39.5,9.8,19.1,2026-05-25 09:40:58.21343
FLT00178,179206fb8be497415107cfcf454dd2c66faa6ab4dcf5f622365220746def7094,909.0,1435.0,520.0,646.0,3510.0,28.77,25.9,40.9,14.8,18.4,2026-05-25 09:40:58.21343
FLT00179,1043157815259f6badf00dce1514fc55cf1a91b3eab27ee927319adb02e635b2,1136.0,1580.0,570.0,647.0,3933.0,32.24,28.9,40.2,14.5,16.5,2026-05-25 09:40:58.21343
FLT00180,705378de7903fc2c723ddf11828ec319ca61c93b779b7fef76f172b07485a60a,866.0,1414.0,570.0,635.0,3485.0,28.57,24.8,40.6,16.4,18.2,2026-05-25 09:40:58.21343
FLT00181,845daacce0f702834e98b4e4e183b9f7bd5bc4cd7daf3f4feff500685d3f234b,2014.0,2876.0,570.0,1324.0,6784.0,45.23,29.7,42.4,8.4,19.5,2026-05-25 09:40:58.21343
FLT00182,e39f9d14474f83378963e770605681f4fd984fad67c946758d0ac394e7240895,5136.0,4887.0,570.0,2490.0,13083.0,107.24,39.3,37.4,4.4,19.0,2026-05-25 09:40:58.21343
FLT00183,ab15245752f5181cd4f92992d82fca9f9a8743fcafb8a7ca8f0f1dfc652d5328,1770.0,2055.0,520.0,781.0,5126.0,42.02,34.5,40.1,10.1,15.2,2026-05-25 09:40:58.21343
FLT00184,0b8b371aa8f1a76045745d3fc2d9b7c2c0bbd0e909b6d1d44fdda995b78497f6,5411.0,5486.0,570.0,1925.0,13392.0,109.77,40.4,41.0,4.3,14.4,2026-05-25 09:40:58.21343
FLT00185,451548e811cbfc820b5d777880e6caddd22553916e4df023dd9057dddd2e17d0,806.0,1405.0,470.0,672.0,3353.0,27.48,24.0,41.9,14.0,20.0,2026-05-25 09:40:58.21343
FLT00186,4fd5793cb7134bc198d508e71d38cb5ab77b14181d575816e077ead69f68747c,944.0,1456.0,470.0,677.0,3547.0,29.07,26.6,41.0,13.3,19.1,2026-05-25 09:40:58.21343
FLT00187,ba7917ab8abde18af0ab746dfd418fac701dbbc1dcd3701b97ca16d3bfc86bc6,934.0,1745.0,420.0,667.0,3766.0,25.11,24.8,46.3,11.2,17.7,2026-05-25 09:40:58.21343
FLT00188,d85ba474b43dd4c69e3727c91da8233a3706edad6a2df4016a3653f33805df6f,1969.0,2475.0,420.0,1061.0,5925.0,48.57,33.2,41.8,7.1,17.9,2026-05-25 09:40:58.21343
FLT00189,d9e906ed16340c037174c608ccfe39c26aa5ddc398ca8534964afd3761c5d49d,823.0,1373.0,470.0,577.0,3243.0,26.58,25.4,42.3,14.5,17.8,2026-05-25 09:40:58.21343
FLT00190,85d8c950672434fbc69c4bd8df43d29b877988de96074b37dd20689679c997c3,869.0,1234.0,570.0,567.0,3240.0,26.56,26.8,38.1,17.6,17.5,2026-05-25 09:40:58.21343
FLT00191,7203c90437e88c8e6c0bd744a30b278e5e06d6317d298db42008506182c42fa1,2888.0,4493.0,526.0,1655.0,9562.0,57.95,30.2,47.0,5.5,17.3,2026-05-25 09:40:58.21343
FLT00192,8e2c4a463d9cdc424dc5e30a7c90e83aa47bbc1717880cbdd616f15a9a22b43e,926.0,1538.0,520.0,611.0,3595.0,29.47,25.8,42.8,14.5,17.0,2026-05-25 09:40:58.21343
FLT00193,0418d469bf2c79ecaed8a85d516fde432ab470569143e528f2905b0051d69124,1002.0,1385.0,570.0,594.0,3551.0,29.11,28.2,39.0,16.1,16.7,2026-05-25 09:40:58.21343
FLT00194,a49301aca066bbecc8480be5cf260c5a9abbef5c4a24395a061bda400d01d6a2,13845.0,29135.0,420.0,11928.0,55328.0,192.78,25.0,52.7,0.8,21.6,2026-05-25 09:40:58.21343
FLT00195,b106ea6ce0daad731205520e89a13b2f70895abe2d50fe66609f3392f95c5665,1807.0,2409.0,520.0,976.0,5712.0,46.82,31.6,42.2,9.1,17.1,2026-05-25 09:40:58.21343
FLT00196,265981ebeed87e025599e5d3a040683ed7a154068d0ccdd1a667399b7f5158e6,12576.0,27793.0,570.0,10557.0,51496.0,179.43,24.4,54.0,1.1,20.5,2026-05-25 09:40:58.21343
FLT00197,2622ec5c6dc97c203ac34a8882a89b88d94a03b1c669e3dfebe8b746889952b7,1232.0,1812.0,570.0,696.0,4310.0,35.33,28.6,42.0,13.2,16.1,2026-05-25 09:40:58.21343
FLT00198,601a9394d5ba6f3683c1c6cf2c638aac5be8b7fd45281d84046be3335d615164,13011.0,30480.0,520.0,12323.0,56334.0,196.29,23.1,54.1,0.9,21.9,2026-05-25 09:40:58.21343
FLT00199,9a719c8ae9741a64014c6a3f85369ff24c377a3c195bc5d23df9fd2ac6684012,5396.0,6092.0,570.0,2206.0,14264.0,95.09,37.8,42.7,4.0,15.5,2026-05-25 09:40:58.21343
FLT00200,9e32174e8fd63e531409800bd14faa70cfd4aa74af90bc3750145b86838d2a92,1233.0,1773.0,520.0,800.0,4326.0,35.46,28.5,41.0,12.0,18.5,2026-05-25 09:40:58.21343
FLT00201,f4e1404474ec2531016fab07afefe7e0fc116d29b7cd052906f451bd621c7176,12349.0,32299.0,520.0,13558.0,58726.0,204.62,21.0,55.0,0.9,23.1,2026-05-25 09:40:58.21343
FLT00202,960c7d13e948f6c9759f9118d19985c57abce07fcd292386392131630d7ae35e,8676.0,9093.0,570.0,4042.0,22381.0,149.21,38.8,40.6,2.5,18.1,2026-05-25 09:40:58.21343
FLT00203,c103f18b7fd5f434a6ee527c4c666c4af7ffb57b81b554c22e6a5c96de24787c,2396.0,3148.0,525.0,1324.0,7393.0,60.6,32.4,42.6,7.1,17.9,2026-05-25 09:40:58.21343
FLT00204,fe41650e86346b5f2af912ef210e84fa7c505a91d986c778f0286c90535caa18,12548.0,27557.0,520.0,11144.0,51769.0,180.38,24.2,53.2,1.0,21.5,2026-05-25 09:40:58.21343
FLT00205,877cdd03c3198201f9c43bb3bf92f826ac94182a7973078d9fe51a73821a5ce8,5252.0,5401.0,420.0,2265.0,13338.0,109.33,39.4,40.5,3.1,17.0,2026-05-25 09:40:58.21343
FLT00206,32f5e461434fbbceb5ab5fea90dddd7a10b62aaf28d5ee0e3a47c00fc0130ea8,4631.0,5285.0,520.0,2471.0,12907.0,105.8,35.9,40.9,4.0,19.1,2026-05-25 09:40:58.21343
FLT00207,dc1b80ef89e7e5303f4a73062b7d35e5bf72a95748e877ae646b50471b28809c,1512.0,1980.0,570.0,784.0,4846.0,39.72,31.2,40.9,11.8,16.2,2026-05-25 09:40:58.21343
FLT00208,e9529badd5d2f8450da450df0eac21c28043ff63ee9ced8491ff01bb29b579a8,956.0,1253.0,570.0,555.0,3334.0,27.33,28.7,37.6,17.1,16.6,2026-05-25 09:40:58.21343
FLT00209,9233227228bc611e2b4309df8225498fa9647343201a34e632d8eedb543c6f57,1879.0,2653.0,420.0,1305.0,6257.0,41.71,30.0,42.4,6.7,20.9,2026-05-25 09:40:58.21343
FLT00210,dd371592f15831422fa280b7ab3bd07811e7a0f455b4d28bb1b8137c63193cd4,2052.0,2192.0,420.0,943.0,5607.0,45.96,36.6,39.1,7.5,16.8,2026-05-25 09:40:58.21343
FLT00211,96e9f34dc706cdcf935228b75328d8a60412ca2817d1b89aa008af31b23e812b,8245.0,8377.0,470.0,3918.0,21010.0,140.07,39.2,39.9,2.2,18.6,2026-05-25 09:40:58.21343
FLT00212,0887d10aee752b9a5a95625d231d81d6020caaeeb3b6c6cad64d76d932d0671d,2804.0,2709.0,489.0,1169.0,7171.0,58.78,39.1,37.8,6.8,16.3,2026-05-25 09:40:58.21343
FLT00213,e6dc3048557e41b9d691e2c9fc5ed2b22960943a1b6218fcf5ad831d4e2a5aa5,4671.0,5516.0,420.0,1870.0,12477.0,102.27,37.4,44.2,3.4,15.0,2026-05-25 09:40:58.21343
FLT00214,54339af088952d9a562b8f1bdc210e97a5e63b4b1857e2c71bef5465b3b90bcf,5212.0,5335.0,520.0,2081.0,13148.0,107.77,39.6,40.6,4.0,15.8,2026-05-25 09:40:58.21343
FLT00215,38b9f88413278b0bd74f86446f1e05c208d8995040e4586b8f2264c0af42921d,3385.0,4195.0,482.0,1607.0,9669.0,58.6,35.0,43.4,5.0,16.6,2026-05-25 09:40:58.21343
FLT00216,738e37c6fb7be5dbc5989cf1c4c9c0cf88a50c2bd7c86c1dd96c24b4321e1c7a,810.0,1765.0,420.0,701.0,3696.0,24.64,21.9,47.8,11.4,19.0,2026-05-25 09:40:58.21343
FLT00217,ca9790c9d0617ec8ff708eb25709adfd831bc6201468fc37681c96d6239aa8d1,14399.0,31103.0,570.0,12877.0,58949.0,205.4,24.4,52.8,1.0,21.8,2026-05-25 09:40:58.21343
FLT00218,9e92882749bfb71e6ed5221b77983003f838812459f2f6c253e9f3ac04f82909,7451.0,7842.0,520.0,3282.0,19095.0,127.3,39.0,41.1,2.7,17.2,2026-05-25 09:40:58.21343
FLT00219,e59c4f47ac9815262c56175c70527746d50d11555d63c1a0ddde2bdfb5e11749,12399.0,28849.0,520.0,10517.0,52285.0,182.18,23.7,55.2,1.0,20.1,2026-05-25 09:40:58.21343
FLT00220,7fc4807ae75bd5dd56cd9e449f44316de9eb3a60d8d2cd844d07e14dcac4a364,1234.0,1679.0,420.0,708.0,4041.0,33.12,30.5,41.5,10.4,17.5,2026-05-25 09:40:58.21343
FLT00221,86dc541c121829b21246dfbddf3c60fd6c1e9127cc0eae5759db64c9bbfff84b,4672.0,6179.0,420.0,2543.0,13814.0,92.09,33.8,44.7,3.0,18.4,2026-05-25 09:40:58.21343
FLT00222,9a0d13bd04f2a494f2112a2e6b7fa86296098725b8afe6db233c39798474ba16,1351.0,1665.0,470.0,673.0,4159.0,34.09,32.5,40.0,11.3,16.2,2026-05-25 09:40:58.21343
FLT00223,21e14903186fdbc1489513f81b0ea526da3b540493e7767495ec9b93422c1d17,1835.0,2775.0,420.0,1057.0,6087.0,40.58,30.1,45.6,6.9,17.4,2026-05-25 09:40:58.21343
FLT00224,204d225ae8812c7c3f429147ffd4bf4005ecbdb15cea4361e8dc54162d6e5580,13185.0,29700.0,570.0,13285.0,56740.0,197.7,23.2,52.3,1.0,23.4,2026-05-25 09:40:58.21343
FLT00225,0ed933ff4e2033377f61417cc6f910bd6d0196bcaeedfa58137906e7c18e7900,12857.0,30180.0,520.0,13311.0,56868.0,198.15,22.6,53.1,0.9,23.4,2026-05-25 09:40:58.21343
FLT00226,9c569087dfdf15e4aefc3f86411bc9539c8597cc056dbede3b3540bee9f7a546,1595.0,2090.0,520.0,980.0,5185.0,42.5,30.8,40.3,10.0,18.9,2026-05-25 09:40:58.21343
FLT00227,058ca96e80c0929e007a6098842821093b743f1f765cb1ae0dc272a4f56bac50,11390.0,28033.0,520.0,11862.0,51805.0,180.51,22.0,54.1,1.0,22.9,2026-05-25 09:40:58.21343
FLT00228,1ab751053ff61fd4618078d39d3645835371100ba900343fcfbb6141eccfa5b5,887.0,1268.0,420.0,582.0,3157.0,25.88,28.1,40.2,13.3,18.4,2026-05-25 09:40:58.21343
FLT00229,fa761f4d7fe083edba9843083be2676dbcef3d49f55387b8d89c57ce5d3d506a,13228.0,30487.0,420.0,12705.0,56840.0,198.05,23.3,53.6,0.7,22.4,2026-05-25 09:40:58.21343
FLT00230,f5637b9bcedad2e67c1e391f4bff662538cd7b218cc13e385139b7ad4df1d6b6,12879.0,27200.0,570.0,12005.0,52654.0,183.46,24.5,51.7,1.1,22.8,2026-05-25 09:40:58.21343
FLT00231,60679826c7fa6e8e6898b8d91a3e16d3152d86037c983b16cbcfcf451ae93903,2559.0,2858.0,527.0,1301.0,7245.0,59.39,35.3,39.4,7.3,18.0,2026-05-25 09:40:58.21343
FLT00232,62efc7671d06d4f05cb304963d0819f6fad54e14222e2fbf05fe4128f81743b1,1135.0,1763.0,570.0,737.0,4205.0,34.47,27.0,41.9,13.6,17.5,2026-05-25 09:40:58.21343
FLT00233,df0d30b8a21f01ecda723b7c1786ea32b110e2eb69b80ac32e0f8d2ebec137b3,11646.0,27430.0,520.0,11595.0,51191.0,178.37,22.8,53.6,1.0,22.7,2026-05-25 09:40:58.21343
FLT00234,af7c2fb067fd8cc9648a49d098658ecee22acf044511c5703ef150cafc66cd24,1708.0,2149.0,420.0,854.0,5131.0,42.06,33.3,41.9,8.2,16.6,2026-05-25 09:40:58.21343
FLT00235,5621bc9795b56f1be25cc75cb044337058a30a87ab005b0c7c294e33c0dbc770,14024.0,29060.0,470.0,12255.0,55809.0,194.46,25.1,52.1,0.8,22.0,2026-05-25 09:40:58.21343
FLT00236,2ccbc3e99f25a87193b4e4d7af9acf432342105d368c731c86ff6cd2ab8d5269,12908.0,29867.0,520.0,13684.0,56979.0,198.53,22.7,52.4,0.9,24.0,2026-05-25 09:40:58.21343
FLT00237,f10490a83e09ed31dcbfacbddf91b9e70d18702855588a0be865cd61681d0d25,8226.0,7865.0,520.0,3206.0,19817.0,162.43,41.5,39.7,2.6,16.2,2026-05-25 09:40:58.21343
FLT00238,37a673862f65736c7f48825522927f05848d2f073d36e74d0babfcfe76c7f928,1669.0,2211.0,420.0,939.0,5239.0,42.94,31.9,42.2,8.0,17.9,2026-05-25 09:40:58.21343
FLT00239,612aa9c455bf20a0368cc82587ff03ea7274349aa7a3f85e70b1b8089fc1c86f,7295.0,8234.0,470.0,3467.0,19466.0,129.77,37.5,42.3,2.4,17.8,2026-05-25 09:40:58.21343
FLT00240,5c7e0fa16f850be74f36418fadf50e7e5968b2b064b308e45bdfde4962228900,12462.0,31752.0,470.0,11002.0,55686.0,194.03,22.4,57.0,0.8,19.8,2026-05-25 09:40:58.21343
FLT00241,ea6133cfeea2c03cfa59316461e4afb0a713edde77ccab1aa6b7d1b85f47b4e7,1290.0,1809.0,470.0,753.0,4322.0,35.43,29.8,41.9,10.9,17.4,2026-05-25 09:40:58.21343
FLT00242,a566fec7ca2373e9c2a4a7feabb43fbf7405ee9bf4941c544781f6406f80ab6a,1828.0,2435.0,470.0,1080.0,5813.0,47.65,31.4,41.9,8.1,18.6,2026-05-25 09:40:58.21343
FLT00243,ac8cfaf162a2c204cea496412ca1a12950fc57cd0107fd12cd4113c1d21d9cf4,2865.0,2945.0,465.0,1320.0,7595.0,62.25,37.7,38.8,6.1,17.4,2026-05-25 09:40:58.21343
FLT00244,b8866388f3222fc0d75597220357578d1f26e438f4286025a2728bee344d0697,12574.0,28173.0,570.0,14127.0,55444.0,193.18,22.7,50.8,1.0,25.5,2026-05-25 09:40:58.21343
FLT00245,c82b147ba5adc02030a54cf75a369fe13d4a1cefd33d2b2034e0405d123142cf,917.0,1687.0,570.0,707.0,3881.0,25.87,23.6,43.5,14.7,18.2,2026-05-25 09:40:58.21343
FLT00246,dc261a94cd3c4f5e9d5a603cba29d5b28c5f711733bc72b168fd518d1557a401,4950.0,5838.0,470.0,2776.0,14034.0,93.56,35.3,41.6,3.3,19.8,2026-05-25 09:40:58.21343
FLT00247,dcd5e03dab9fd9ddff77bd45ec3db3ce47b5cef886664e304a530d8a59ee4874,11595.0,26880.0,570.0,13347.0,52392.0,182.55,22.1,51.3,1.1,25.5,2026-05-25 09:40:58.21343
FLT00248,d712551795483756dd0d07f27388aef20fc9d579aecff743940061322350ca02,14717.0,31118.0,420.0,12068.0,58323.0,203.22,25.2,53.4,0.7,20.7,2026-05-25 09:40:58.21343
FLT00249,9a076e0814f8bf5dd0cde694c7bb2d317b3e600042c00dec377227ee959262ff,1933.0,2736.0,570.0,1027.0,6266.0,41.77,30.8,43.7,9.1,16.4,2026-05-25 09:40:58.21343
FLT00250,88342eca3013ad6209dae32c38278eb80896f36c70370f820321a9f27769aa81,953.0,1783.0,570.0,619.0,3925.0,26.17,24.3,45.4,14.5,15.8,2026-05-25 09:40:58.21343
FLT00251,e767c8ff81ee2b73fc0993845fb8f4f160d8de541c6eaaaae09d1ea97af9015f,13199.0,29552.0,420.0,12416.0,55587.0,193.68,23.7,53.2,0.8,22.3,2026-05-25 09:40:58.21343
FLT00252,83e865606562266be3e484f44f5b42d3d1d2848ffe8408a6da3bc1644909f214,13035.0,29762.0,527.0,12491.0,55815.0,230.64,23.4,53.3,0.9,22.4,2026-05-25 09:40:58.21343
FLT00253,47649f0935c2011efc19b3f469bf116d60e71f676adf28e491e8c3297be0647e,1870.0,2487.0,470.0,1091.0,5918.0,48.51,31.6,42.0,7.9,18.4,2026-05-25 09:40:58.21343
FLT00254,9f3eed982c545a8023c7961c59e647e95a2a458930d830e347016fbeee5a91f1,13144.0,27073.0,420.0,10782.0,51419.0,179.16,25.6,52.7,0.8,21.0,2026-05-25 09:40:58.21343
FLT00255,8fb3cdf09aa2419e48b75ae23d0b61971817ed692131d3cd9aadf80e07d553e8,894.0,1496.0,570.0,547.0,3507.0,28.75,25.5,42.7,16.3,15.6,2026-05-25 09:40:58.21343
FLT00256,63050dde74f0d5e2fdcf71045be58b714adfd0b7c08fa8270368e9e58d3c8652,4751.0,4748.0,570.0,2285.0,12354.0,101.26,38.5,38.4,4.6,18.5,2026-05-25 09:40:58.21343
FLT00257,93255f2711ec96499bfb521bef47d169c603a9183510a63f1f41a3e66cf6f9cf,12392.0,26257.0,570.0,12348.0,51567.0,179.68,24.0,50.9,1.1,23.9,2026-05-25 09:40:58.21343
FLT00258,a80b06cffe2f51564742f29304cfad4cf7541e64ab38dd4fa3dba65f1fd95c76,951.0,1269.0,420.0,582.0,3222.0,26.41,29.5,39.4,13.0,18.1,2026-05-25 09:40:58.21343
FLT00259,cf572fc773b4e6d7e98c66a65bc151defbedd6f1e5b7ee83a256524fd12a7e52,830.0,1713.0,520.0,622.0,3685.0,24.57,22.5,46.5,14.1,16.9,2026-05-25 09:40:58.21343
FLT00260,48dcd375b8e24153179815d247a1e284b6cf46088c328337238b685bf32133e1,13660.0,31479.0,420.0,12476.0,58035.0,202.21,23.5,54.2,0.7,21.5,2026-05-25 09:40:58.21343
FLT00261,0350cec4079cffbbb7f5f884c9fb34edba970f159b856cb37d7c8fbc6833d78f,12068.0,28868.0,520.0,11669.0,53125.0,185.1,22.7,54.3,1.0,22.0,2026-05-25 09:40:58.21343
FLT00262,a426939339590a03dafe657739d2b586d40371b13d760d61498f02f5babb27b3,3337.0,4035.0,451.0,1623.0,9446.0,62.97,35.3,42.7,4.8,17.2,2026-05-25 09:40:58.21343
FLT00263,46a1192ffe487552b896f45de4e6d384640b5f446ea3eaf192313577dbe1a359,1467.0,2115.0,470.0,989.0,5041.0,41.32,29.1,42.0,9.3,19.6,2026-05-25 09:40:58.21343
FLT00264,1c0485b4f211638f0285b4ecff2664ca674721e058422a503bc7b72fa0c6ed32,14557.0,29299.0,470.0,13777.0,58103.0,202.45,25.1,50.4,0.8,23.7,2026-05-25 09:40:58.21343
FLT00265,9ef30d10006cc306b0f0148b262abcca5a961722ad7389605ecdcf8df4c3b935,2410.0,3042.0,485.0,1268.0,7205.0,59.06,33.4,42.2,6.7,17.6,2026-05-25 09:40:58.21343
FLT00266,4546429c690e5214c2520c4458549fe55fe22cda90cba373da885fe2c275fc73,1619.0,2617.0,570.0,963.0,5769.0,38.46,28.1,45.4,9.9,16.7,2026-05-25 09:40:58.21343
FLT00267,7afb566fc826fbc3387f6e3d53731cda4043de355ba8957dfea2e6a2753a6dbe,860.0,1743.0,520.0,666.0,3789.0,25.26,22.7,46.0,13.7,17.6,2026-05-25 09:40:58.21343
FLT00268,5fbccd2c9933f09c2410d0ab53aa4ddc65d1fd48092b5c3cccf296fb8100b5cd,1740.0,2521.0,570.0,990.0,5821.0,38.81,29.9,43.3,9.8,17.0,2026-05-25 09:40:58.21343
FLT00269,6af1db5d1d7ee659d34776fb2229ec1b06f7c9916272f978946feefb57fd5c0d,2028.0,2672.0,520.0,1276.0,6496.0,43.31,31.2,41.1,8.0,19.6,2026-05-25 09:40:58.21343
FLT00270,951bf01a07f392884ef6f14c8c6253b1128f25b24336b6ae2cc271e46202c23d,7960.0,7932.0,470.0,3193.0,19555.0,160.29,40.7,40.6,2.4,16.3,2026-05-25 09:40:58.21343
FLT00271,8436ec20e5ba0a8ac7cc4b6a0e488a50d4b446e55e259af53dd64c845ba02c13,1479.0,2154.0,520.0,885.0,5038.0,41.3,29.4,42.8,10.3,17.6,2026-05-25 09:40:58.21343
FLT00272,207b56305aea295d8be4da3e4be6e9e0f4ba5ae09955a49132537b8a1af27711,8379.0,7175.0,420.0,3364.0,19338.0,158.51,43.3,37.1,2.2,17.4,2026-05-25 09:40:58.21343
FLT00273,39b5362410de06d9038831c7fdb7122be84a0432ceb39440098d557f0f200df4,1542.0,2613.0,420.0,907.0,5482.0,36.55,28.1,47.7,7.7,16.5,2026-05-25 09:40:58.21343
FLT00274,9580c0c7196ed984fc9e8b56c928d52a748ecca0a6e0a0da7b26a88602da8fcb,8094.0,8833.0,470.0,4134.0,21531.0,143.54,37.6,41.0,2.2,19.2,2026-05-25 09:40:58.21343
FLT00275,27ac1dda3ffb6c976c8b35b0ac1b0ee1130a25c2512490f02179efefffc40c17,1771.0,2541.0,520.0,1122.0,5954.0,39.69,29.7,42.7,8.7,18.8,2026-05-25 09:40:58.21343
FLT00276,da74555d4a0935ea0c729f5396deeb88a77bf25cee01ac8046e4e7119638af7b,11330.0,26447.0,570.0,13616.0,51963.0,181.06,21.8,50.9,1.1,26.2,2026-05-25 09:40:58.21343
FLT00277,3843c618abd92b05f85f9f979c0b0e7a001d63b4fa3ca1e7364d52107d9c361a,1699.0,2455.0,520.0,1008.0,5682.0,37.88,29.9,43.2,9.2,17.7,2026-05-25 09:40:58.21343
FLT00278,a66ba68fd951b600c91ad03635443e9a7523ffdcb8c8426c06262890e0f265bd,5403.0,4730.0,470.0,2193.0,12796.0,104.89,42.2,37.0,3.7,17.1,2026-05-25 09:40:58.21343
FLT00279,3e357d70d6412fbe6076e0993d8d53ab3198317d55e6da8729ff6f272dd78dd7,7688.0,7068.0,570.0,2880.0,18206.0,149.23,42.2,38.8,3.1,15.8,2026-05-25 09:40:58.21343
FLT00280,e5d6af5a41196516bc45976c80ab6f67c6829f90db6e63696eec82e66b1cc792,11963.0,29866.0,570.0,10921.0,53320.0,185.78,22.4,56.0,1.1,20.5,2026-05-25 09:40:58.21343
FLT00281,9d20ff127f541f7a8072d2ab0f2b80e73f264738da6552964e80c3654ab08a3e,1934.0,2513.0,570.0,1164.0,6181.0,50.66,31.3,40.7,9.2,18.8,2026-05-25 09:40:58.21343
FLT00282,f084c7f0a40f6759cedeeaaf071ced385f5a19160a9ebefb8462eaa3d3501648,1682.0,2446.0,520.0,1162.0,5810.0,38.73,29.0,42.1,9.0,20.0,2026-05-25 09:40:58.21343
FLT00283,871a38173d05cf4c90d10a7afe33aae1388efcbbffb8606b430cda3f997df275,2068.0,2366.0,420.0,1160.0,6014.0,49.3,34.4,39.3,7.0,19.3,2026-05-25 09:40:58.21343
FLT00284,0ae6caf95fe36aa45b665963270edc9d390df564cebc8fc48454a8092e30472f,2066.0,2183.0,520.0,1003.0,5772.0,47.31,35.8,37.8,9.0,17.4,2026-05-25 09:40:58.21343
FLT00285,80d9edfb711676e7a0f21ab4fa2d530996c64a5c85d08d98c592628ae6d06ff6,12538.0,31951.0,420.0,12162.0,57071.0,198.85,22.0,56.0,0.7,21.3,2026-05-25 09:40:58.21343
FLT00286,d8791a371243f6c2e4b387c739a7ad226d8365399d217e9ca142aa8862a656bf,13349.0,30666.0,420.0,11184.0,55619.0,193.79,24.0,55.1,0.8,20.1,2026-05-25 09:40:58.21343
FLT00287,be226c160c4a79ed8f3e4ff44c7748a9c80f2b45535adbdc9aa318d76ff9c738,1598.0,2161.0,520.0,800.0,5079.0,41.63,31.5,42.5,10.2,15.8,2026-05-25 09:40:58.21343
FLT00288,0563df45a0527d9c2e6973fadc919d4da654599ffedf67663692594c1358f133,13919.0,28568.0,470.0,12639.0,55596.0,193.71,25.0,51.4,0.8,22.7,2026-05-25 09:40:58.21343
FLT00289,2bd94021cadde9da978b9fc1b35456093e3b682e83b0a5300d569bd63c45de5a,915.0,1271.0,470.0,533.0,3189.0,26.14,28.7,39.9,14.7,16.7,2026-05-25 09:40:58.21343
FLT00290,9cf87a22e9623ec24b85752ac0b89ea9b9eda956785bac2e3332922ad7d0f97b,965.0,1673.0,520.0,789.0,3947.0,26.31,24.4,42.4,13.2,20.0,2026-05-25 09:40:58.21343
FLT00291,73e4049c275deb179010834f0a16cd0535ed8566a95686844b0463856f0c1836,5081.0,5160.0,470.0,2276.0,12987.0,106.45,39.1,39.7,3.6,17.5,2026-05-25 09:40:58.21343
FLT00292,038e7c168bfdab807fa8b6082e203bdc87bed10412d1dd13986bd7c25f3f815f,12583.0,28012.0,470.0,12331.0,53396.0,186.05,23.6,52.5,0.9,23.1,2026-05-25 09:40:58.21343
FLT00293,c244cbc8ba99e9874052eebb8147bc383d02f700a54be043252fd76b811c9450,11635.0,28711.0,520.0,13233.0,54099.0,188.5,21.5,53.1,1.0,24.5,2026-05-25 09:40:58.21343
FLT00294,1f70ad5acf38c1259ab7dfa562eba0729ce8c7a40b461a7e63cb7ce32675027d,11352.0,29630.0,420.0,10364.0,51766.0,180.37,21.9,57.2,0.8,20.0,2026-05-25 09:40:58.21343
FLT00295,687d5b222d8f4413c3c32e09b87744e6471df272e2c28c4a9fda33a30be4890e,11911.0,26704.0,570.0,12425.0,51610.0,179.83,23.1,51.7,1.1,24.1,2026-05-25 09:40:58.21343
FLT00296,9c9933087bba23cc3c267ef3fb35a1e283fbbe254836158a9af419f816f747c3,3593.0,3889.0,490.0,1851.0,9823.0,65.49,36.6,39.6,5.0,18.8,2026-05-25 09:40:58.21343
FLT00297,21574ab77c4ac5bd1fb09f0cb5acfee2a2fcf4a43432710aae9c6ee5aff7a012,7997.0,8750.0,470.0,3574.0,20791.0,138.61,38.5,42.1,2.3,17.2,2026-05-25 09:40:58.21343
FLT00298,f8d88635a56d3b3155db2459cf892f66ca7f644f0b17ed6b0183933e0ee95fa0,13186.0,28648.0,470.0,11892.0,54196.0,188.84,24.3,52.9,0.9,21.9,2026-05-25 09:40:58.21343
FLT00299,853592c6f39b54974952078040c5da2817c27192dff9d55038f4b537c7c4aff9,1768.0,2283.0,520.0,1045.0,5616.0,37.44,31.5,40.7,9.3,18.6,2026-05-25 09:40:58.21343
FLT00300,ac5e016e0ff95b49266371fc2cd06319ac162318dd3f870faf2ba797a3e82a71,11717.0,26915.0,479.0,11659.0,50770.0,209.79,23.1,53.0,0.9,23.0,2026-05-25 09:40:58.21343
FLT00301,fe495273e8346f6a6e9a78c99bb23542be83fa8099e626f61132ccff49e754c7,13453.0,31214.0,513.0,13436.0,58616.0,242.21,23.0,53.3,0.9,22.9,2026-05-25 09:40:58.21343
FLT00302,df29554caba0ee4632873ba631bf458d899b2de2ac9b9d9840f21572e81c15b9,2821.0,2775.0,543.0,1276.0,7415.0,60.78,38.0,37.4,7.3,17.2,2026-05-25 09:40:58.21343
FLT00303,2422b2f9acbb1e9966d9bc470fb2c1933d1c3377901080329cbd1775bc756499,2823.0,3196.0,485.0,1167.0,7671.0,62.88,36.8,41.7,6.3,15.2,2026-05-25 09:40:58.21343
FLT00304,72b945795cdca65251b85b24cf2855f698b64c8766474cc0e163074d025cdc2c,3142.0,4034.0,530.0,1888.0,9594.0,63.96,32.7,42.0,5.5,19.7,2026-05-25 09:40:58.21343
FLT00305,c240007a982ecada41e9088d655030b27f0f971384dfbfc91a8eeae05d1a6322,2397.0,2967.0,495.0,1196.0,7055.0,57.83,34.0,42.1,7.0,17.0,2026-05-25 09:40:58.21343
FLT00306,4619e3e4c4d9aa3ed600fc37d1813150a91dccb1007c6bb552a55cdcd2c3fa9c,2457.0,2865.0,548.0,1221.0,7091.0,58.12,34.6,40.4,7.7,17.2,2026-05-25 09:40:58.21343
FLT00307,6d3924a81f0911922b5e290c03b4f144ea34518cb589df4b8c42ba9bf4d8b700,2669.0,3081.0,490.0,1386.0,7626.0,62.51,35.0,40.4,6.4,18.2,2026-05-25 09:40:58.21343
FLT00308,7f923e64081c4bae5867c59d34bdd833b4d3bf9f31b167f58763063440eba8f7,3448.0,3891.0,498.0,1691.0,9528.0,57.75,36.2,40.8,5.2,17.7,2026-05-25 09:40:58.21343
FLT00309,54ce7e1c131bd4022592146ed511d595c9f2016b4e35307cddfaf0e712518626,3020.0,3715.0,509.0,1762.0,9006.0,54.58,33.5,41.3,5.7,19.6,2026-05-25 09:40:58.21343
FLT00310,0d8abcd4f622ad3d45fe435f8817164a95cbe79d0834c692964c7c7045ad3b2b,3024.0,3913.0,539.0,1669.0,9145.0,60.97,33.1,42.8,5.9,18.3,2026-05-25 09:40:58.21343
FLT00311,01e2becd1f09648193b4cf8e841a368132c30519b412b670d32ffe990307c42f,3086.0,4085.0,547.0,1670.0,9388.0,62.59,32.9,43.5,5.8,17.8,2026-05-25 09:40:58.21343
FLT00312,760f44a22ba915efe2bd39fb5c372d48676b47a53e75b3f28dedede61ee0cff3,2751.0,3116.0,477.0,1324.0,7668.0,62.85,35.9,40.6,6.2,17.3,2026-05-25 09:40:58.21343
FLT00313,86599d198e6907c8580a6f05f82b3e07784e69580a2952da61c54a4eb93a0ebf,3235.0,4202.0,512.0,1773.0,9722.0,64.81,33.3,43.2,5.3,18.2,2026-05-25 09:40:58.21343
FLT00314,06939f3dc8e07a983afa435fcc0e4dad552b696b9372fee610f7f0bd901d7acc,2898.0,4369.0,481.0,1650.0,9398.0,56.96,30.8,46.5,5.1,17.6,2026-05-25 09:40:58.21343
FLT00315,2a1b63c10ec986a9f7606e23e918214db9345d58ca9d21ea94e3a1d59d3465b3,2866.0,4169.0,516.0,1591.0,9142.0,55.41,31.3,45.6,5.6,17.4,2026-05-25 09:40:58.21343
FLT00316,91d8380777fbc205a9f39df30457c5f8ccf8edaf8913bf0ee2189f8ac2e50fbc,12419.0,27794.0,514.0,11692.0,52419.0,216.61,23.7,53.0,1.0,22.3,2026-05-25 09:40:58.21343
FLT00317,e598ece12371bebbfff345773d2af8c31bab2eff1b63d00d2c8084d90e610566,12862.0,28736.0,544.0,11600.0,53742.0,222.07,23.9,53.5,1.0,21.6,2026-05-25 09:40:58.21343
FLT00318,e061a950694bac7adf2b3d49c5f32756ea05cb72a7056b790f704fefbe315ed9,2575.0,2732.0,546.0,1362.0,7215.0,59.14,35.7,37.9,7.6,18.9,2026-05-25 09:40:58.21343
FLT00319,3e8523374f5cd8b1a28792c1f65dc01a61c089d2c233e3e00d72ce2bc03664d8,2531.0,3056.0,536.0,1280.0,7403.0,60.68,34.2,41.3,7.2,17.3,2026-05-25 09:40:58.21343
FLT00320,6c2181ea097aded87c5e37aef21217e1fc03c0aa209038b6ffb5840829facec7,3175.0,3883.0,458.0,1901.0,9417.0,57.07,33.7,41.2,4.9,20.2,2026-05-25 09:40:58.21343
FLT00321,69e97e0b2ebf708fa80724193d745889f491a2310fe3756544952db939b654dd,2872.0,3040.0,487.0,1228.0,7627.0,62.52,37.7,39.9,6.4,16.1,2026-05-25 09:40:58.21343
FLT00322,79c4ebe4e51126c07f3f34585315897537d310209536c37f1dee97fa87ce7f5f,3473.0,4419.0,537.0,1859.0,10288.0,68.59,33.8,43.0,5.2,18.1,2026-05-25 09:40:58.21343
FLT00323,fcc0060e001fb9c08e3f8964a8374f64a7f5a300c7a16029c8dd8be1465c4047,3246.0,3754.0,465.0,1901.0,9366.0,56.76,34.7,40.1,5.0,20.3,2026-05-25 09:40:58.21343
FLT00324,f077549e7185b5716487bcf97d524b1aca5be5604b9c90c845cacc2d7296b3ae,2716.0,2670.0,464.0,1307.0,7157.0,58.66,37.9,37.3,6.5,18.3,2026-05-25 09:40:58.21343
FLT00325,02da2a2d127a8a915f62a821d44d1fa1565e1c34a750f996105160fb89f3b08d,2396.0,2760.0,509.0,1315.0,6980.0,57.21,34.3,39.5,7.3,18.8,2026-05-25 09:40:58.21343
FLT00326,de276aaec6116682216639dc3de82e021e908051e4dce8b35c6af831a5d962a4,3252.0,3868.0,520.0,1668.0,9308.0,56.41,34.9,41.6,5.6,17.9,2026-05-25 09:40:58.21343
FLT00327,669bdb251842b742e9903a9f58ab047234a4e6eecfd0ab8788bc98942044f9df,3206.0,4296.0,513.0,1884.0,9899.0,65.99,32.4,43.4,5.2,19.0,2026-05-25 09:40:58.21343
FLT00328,2fef8711c477ba0cc035518d7cc8f44942b07e3b9c73f3b02e12aade371ee0bd,3427.0,4150.0,458.0,1714.0,9749.0,64.99,35.2,42.6,4.7,17.6,2026-05-25 09:40:58.21343
FLT00329,b45121d09fa109d52fecb7763901015bfe4ab6a85b0af10c30906c3c5d6b6504,3008.0,3885.0,546.0,1723.0,9162.0,55.53,32.8,42.4,6.0,18.8,2026-05-25 09:40:58.21343
FLT00330,a9da67d5d3b244e76ac8953aaf75feb79d0094d07e7edb063441a7c6aa920a34,3404.0,4202.0,528.0,1762.0,9896.0,59.98,34.4,42.5,5.3,17.8,2026-05-25 09:40:58.21343
FLT00331,5e4a8b06aee7255fbb55c9b9cd52d0e42d65ac7ff677adfa02c01a479c70ac48,3205.0,4088.0,468.0,1839.0,9600.0,58.18,33.4,42.6,4.9,19.2,2026-05-25 09:40:58.21343
FLT00332,07c3972f6aaca6f51b47fe8fd1618464a40247b94fa4e8e43880e33e77f04287,11846.0,26605.0,514.0,11699.0,50664.0,209.36,23.4,52.5,1.0,23.1,2026-05-25 09:40:58.21343
FLT00333,8770aa89eed0c4dae226722f9bb4ee5f44d67c341de4dec35fdf4fe330d50c71,13480.0,32071.0,541.0,12182.0,58274.0,240.8,23.1,55.0,0.9,20.9,2026-05-25 09:40:58.21343
FLT00334,ad7d97e48ddc1c153fc2d47f755302464886b2238f5bd27a8fc96ac2375c2b4d,3000.0,4445.0,491.0,1925.0,9861.0,65.74,30.4,45.1,5.0,19.5,2026-05-25 09:40:58.21343
FLT00335,00194bc652fccf970c0287884630d4b83aa263dd8035e4ceaeb2d31ebbd3279d,2906.0,3170.0,483.0,1237.0,7796.0,63.9,37.3,40.7,6.2,15.9,2026-05-25 09:40:58.21343
FLT00336,dc93f86625a4cc8f8d32800810de4aa410a02241689bd7ac65a03f372821776d,2846.0,2853.0,470.0,1280.0,7449.0,61.06,38.2,38.3,6.3,17.2,2026-05-25 09:40:58.21343
FLT00337,cbebf303a7feba25e7480891b35b00f3146ef4c6d5b19f4dc8e5bfd8760cd0de,2891.0,3077.0,511.0,1164.0,7643.0,62.65,37.8,40.3,6.7,15.2,2026-05-25 09:40:58.21343
FLT00338,9236c7a34162374768538cf8bf38f6e0b9cf4bf837d654cb77ba4302b4db535f,3399.0,4495.0,463.0,1767.0,10124.0,67.49,33.6,44.4,4.6,17.5,2026-05-25 09:40:58.21343
FLT00339,c1d96500d7a587659af02f69c730abd8e0dfcc3d9132b21ae5ee451d6006de0a,3573.0,4291.0,518.0,1832.0,10214.0,68.09,35.0,42.0,5.1,17.9,2026-05-25 09:40:58.21343
FLT00340,37ae6e8b398c390784ae2f96833a80084ce84cb37c90ee4311cca7444ecb42b5,2585.0,2839.0,535.0,1345.0,7304.0,59.87,35.4,38.9,7.3,18.4,2026-05-25 09:40:58.21343
FLT00341,ca9cb46e913d7e79ee8604301055e57e79bfff0cf45c62b14b5d59075a849c00,3388.0,4433.0,500.0,1761.0,10082.0,61.1,33.6,44.0,5.0,17.5,2026-05-25 09:40:58.21343
FLT00342,1e3de6d8da5d112c14783ec3c08c67a8329fc344b1219e5d55da822e0ad6edae,3345.0,4217.0,519.0,1865.0,9946.0,60.28,33.6,42.4,5.2,18.8,2026-05-25 09:40:58.21343
FLT00343,f238f84e4a7133e80f4a98d6ce55c90685ccf63c251db263ad30413d12e9bdde,3402.0,3961.0,486.0,1618.0,9467.0,57.38,35.9,41.8,5.1,17.1,2026-05-25 09:40:58.21343
FLT00344,afc50e3467d039b3748b8cd3bf95f3c4fb00e3bde043d7e4787cfa990bb24df3,3374.0,3714.0,495.0,1776.0,9359.0,62.39,36.1,39.7,5.3,19.0,2026-05-25 09:40:58.21343
FLT00345,c52131a3870dcd015cac8ae5a6c238a6fbaed5facb5a8cbb8c922047393c58b8,2546.0,3015.0,456.0,1149.0,7166.0,58.74,35.5,42.1,6.4,16.0,2026-05-25 09:40:58.21343
FLT00346,faaabcfb5cbc1294aa5291adee5f3c8c4d97f801cb4d215b174c3a8772a85a2a,2831.0,2878.0,466.0,1272.0,7447.0,61.04,38.0,38.6,6.3,17.1,2026-05-25 09:40:58.21343
FLT00347,1fbd7a13a191dd9b979005c8545b9f7b710d9d8bd49759ece396356e7bd1c2f8,2803.0,2793.0,516.0,1161.0,7273.0,59.61,38.5,38.4,7.1,16.0,2026-05-25 09:40:58.21343
FLT00348,1d721892ada8746184bcc8839ce0b3bd18056b04e75a54210bc958e5c3c67a88,11278.0,29586.0,504.0,12850.0,54218.0,224.04,20.8,54.6,0.9,23.7,2026-05-25 09:40:58.21343
FLT00349,c0bbd25ec4b3fcaf99476d6514a4a85bb4e75624456ee4839a1853412fe1c979,12949.0,32200.0,502.0,12064.0,57715.0,238.49,22.4,55.8,0.9,20.9,2026-05-25 09:40:58.21343
FLT00350,0b333f243d226c3fc7c20d68dd6aa6a5236426db492a742dd79403aa1e82e844,3519.0,3906.0,492.0,1612.0,9529.0,63.53,36.9,41.0,5.2,16.9,2026-05-25 09:40:58.21343
FLT00351,d10136a9d60a1fc9c2943de93b23f9b9f76159a547bb8d8d0bd7ffd8f1b200bb,2407.0,3235.0,538.0,1316.0,7496.0,61.44,32.1,43.2,7.2,17.6,2026-05-25 09:40:58.21343
FLT00352,123957f82e98b55dedb2c0160152423a7d3e9b9563139e92580eeb1b40e9756c,3262.0,3827.0,464.0,1673.0,9226.0,61.51,35.4,41.5,5.0,18.1,2026-05-25 09:40:58.21343
FLT00353,2429d2fadc04b844bcdc3f438416ef4216d4cfcff43c510e0a1a36c73f517a5d,2686.0,3088.0,520.0,1210.0,7504.0,61.51,35.8,41.2,6.9,16.1,2026-05-25 09:40:58.21343
FLT00354,5502cb4018c68b3c00c63297570b912d0995fbbc2b62d0205809d847cbd3f441,2901.0,3102.0,509.0,1294.0,7806.0,63.98,37.2,39.7,6.5,16.6,2026-05-25 09:40:58.21343
FLT00355,b919d827bd93ee0fbd351580b75326c8520287d387ded758c24654ca0e1c698f,3105.0,3888.0,484.0,1852.0,9329.0,56.54,33.3,41.7,5.2,19.9,2026-05-25 09:40:58.21343
FLT00356,ffa6ac0a99704c9638410eb7fdda74c937bdfa28c0d21cf089a191ba152c69f0,3000.0,3780.0,453.0,1599.0,8832.0,58.88,34.0,42.8,5.1,18.1,2026-05-25 09:40:58.21343
FLT00357,804967d5b5560a00dfe6dc31053c8c73441e8a1ff86a3a1575c74df326143384,2848.0,3082.0,501.0,1164.0,7595.0,62.25,37.5,40.6,6.6,15.3,2026-05-25 09:40:58.21343
FLT00358,f0ca4857e1d3e29e24ec6c113abc89e04d741e628815e24b93ca923a4c62a5ce,3151.0,4072.0,466.0,1738.0,9427.0,57.13,33.4,43.2,4.9,18.4,2026-05-25 09:40:58.21343
FLT00359,0491fad7e3d8d9d6b6187082d58636b68f2e6305459aa5500282ef640b062598,2605.0,3030.0,517.0,1151.0,7303.0,59.86,35.7,41.5,7.1,15.8,2026-05-25 09:40:58.21343
FLT00360,c243ce90300098d2495351557c47cd2471dd9f2eb0b8f6f801c8114bc461e322,2593.0,3036.0,504.0,1356.0,7489.0,61.39,34.6,40.5,6.7,18.1,2026-05-25 09:40:58.21343
FLT00361,c628c53325856ce419b577ba0c88210146a17d897034c1849967b91f3b358a28,3428.0,3818.0,456.0,1811.0,9513.0,63.42,36.0,40.1,4.8,19.0,2026-05-25 09:40:58.21343
FLT00362,11c4ec00f8e2b90f1a666c1a012980b5b2a9dd2b81517396d29dfe520b26e775,2857.0,4164.0,542.0,1787.0,9350.0,56.67,30.6,44.5,5.8,19.1,2026-05-25 09:40:58.21343
FLT00363,1b6aca50af88f1c8aafdff5d6ee9865303296ca8c30d7c504daf8fba2c0e6a60,3086.0,4211.0,494.0,1777.0,9568.0,57.99,32.3,44.0,5.2,18.6,2026-05-25 09:40:58.21343
FLT00364,27aa4edf7c7bb7134b1927b9be488675158411abc60fc822624d67db79bd1566,13483.0,28732.0,546.0,13520.0,56281.0,232.57,24.0,51.1,1.0,24.0,2026-05-25 09:40:58.21343
FLT00365,39d2d3bc0fa6c4920d10013618841e16388058da82cfd4a0ff1c245a55c16b50,11635.0,26870.0,460.0,11301.0,50266.0,207.71,23.1,53.5,0.9,22.5,2026-05-25 09:40:58.21343
FLT00366,fa3d22c1d127f9c49995e9c287ceeb4abbd06314ce6ef45ebdb77ced046fbe28,2900.0,4244.0,456.0,1697.0,9297.0,56.35,31.2,45.6,4.9,18.3,2026-05-25 09:40:58.21343
FLT00367,8f339018156ae612a75d00f9cb16c24f5789258e8ba40076cb271cac2159fe07,2843.0,2679.0,535.0,1211.0,7268.0,59.57,39.1,36.9,7.4,16.7,2026-05-25 09:40:58.21343
FLT00368,b57dff30122e0323b2dac257ae5f74adedab2e09c0f30db85a46228dc387bd33,2915.0,4255.0,511.0,1894.0,9575.0,58.03,30.4,44.4,5.3,19.8,2026-05-25 09:40:58.21343
FLT00369,f4078f95f57724080e19804bd7a5b3ce9b7f13106c8d138bf89c64f06ff8e4c5,3305.0,4343.0,477.0,1647.0,9772.0,59.22,33.8,44.4,4.9,16.9,2026-05-25 09:40:58.21343
FLT00370,da9ddc95d6fbfd6c48acf363ee2b99c06cd939519eae800a6c6035b52baf1951,3314.0,4345.0,547.0,1730.0,9936.0,60.22,33.4,43.7,5.5,17.4,2026-05-25 09:40:58.21343
FLT00371,daa642bc6fb4a731222616aff9a58077badacb717165c670eca334cb3d48b955,3237.0,4320.0,483.0,1913.0,9953.0,66.35,32.5,43.4,4.9,19.2,2026-05-25 09:40:58.21343
FLT00372,1d74ff0232a0b937a5886ca7855a5647ce29b82850e806e42fa16665bc5daa3c,2850.0,2919.0,529.0,1331.0,7629.0,62.53,37.4,38.3,6.9,17.4,2026-05-25 09:40:58.21343
FLT00373,9112b05bf0eee82a806d151e9d0ba34b63c5364c742ace3080f0118ac5995a41,3059.0,4424.0,499.0,1876.0,9858.0,65.72,31.0,44.9,5.1,19.0,2026-05-25 09:40:58.21343
FLT00374,5c043b9ae8d60d3c6bf79bbf3128fbd560e53eec0be66df390573bd018a9f542,2564.0,3195.0,493.0,1142.0,7394.0,60.61,34.7,43.2,6.7,15.4,2026-05-25 09:40:58.21343
FLT00375,aef035aa6a1f6621f3fea2f562965bab9b4d222d29a367fd0105488567c21d79,3412.0,3759.0,481.0,1919.0,9571.0,58.01,35.6,39.3,5.0,20.1,2026-05-25 09:40:58.21343
FLT00376,76e1ed83471417c5c0786c9aae3db546909120b20d5a9c471bc272157e6660d8,3441.0,4154.0,512.0,1743.0,9850.0,59.7,34.9,42.2,5.2,17.7,2026-05-25 09:40:58.21343
FLT00377,3f1bf03115906e2482ab292b85b2a935df4a162f27e384375d3d36727876c207,3185.0,3954.0,516.0,1850.0,9505.0,63.37,33.5,41.6,5.4,19.5,2026-05-25 09:40:58.21343
FLT00378,bfd2bdac2f7e0ee9faa3456ea5d3da191115df01b1771fa2e1007db5f2b5970c,3516.0,4331.0,458.0,1759.0,10064.0,67.09,34.9,43.0,4.6,17.5,2026-05-25 09:40:58.21343
FLT00379,74e514f9485abc5a71f49e381a48e858a1dbe5158491e85094d1ab74c5006ca4,2424.0,2990.0,498.0,1364.0,7276.0,59.64,33.3,41.1,6.8,18.7,2026-05-25 09:40:58.21343
FLT00380,24f2ceb16ff0c46b119cff5b33c9f48b2ab779d8c3d9c789b43c8aa2b3748bc9,12019.0,27150.0,464.0,13161.0,52794.0,218.16,22.8,51.4,0.9,24.9,2026-05-25 09:40:58.21343
FLT00381,88851757eeeec6479296a124894b5e6275d295a81a0cd6fec9546462911881c5,12682.0,27057.0,458.0,13009.0,53206.0,219.86,23.8,50.9,0.9,24.5,2026-05-25 09:40:58.21343
FLT00382,7b0f14c23f83537324ac9a13cac70be86e240b51e78d154f48810a9586f66624,2432.0,3152.0,524.0,1160.0,7268.0,59.57,33.5,43.4,7.2,16.0,2026-05-25 09:40:58.21343
FLT00383,1e36cc3eef03e697cb6b7c4a29d545f7a87f6f5a86c46ba13e9273986bc85fcb,2439.0,3249.0,491.0,1233.0,7412.0,60.75,32.9,43.8,6.6,16.6,2026-05-25 09:40:58.21343
FLT00384,5c1e322a9f51315008498d1bc5cfe7b8a27a0fef192fdaade909da33c850b8b2,3530.0,4460.0,547.0,1850.0,10387.0,69.25,34.0,42.9,5.3,17.8,2026-05-25 09:40:58.21343
FLT00385,246c19c10fe8145cadd2308d8fde7144016b424588200a9cc321c8757b64fbcd,3240.0,3753.0,526.0,1781.0,9300.0,62.0,34.8,40.4,5.7,19.2,2026-05-25 09:40:58.21343
FLT00386,1b56b2af94f432599b06187e1d52149140871ddcb17220a998170bdf8adf4960,3272.0,4427.0,460.0,1758.0,9917.0,66.11,33.0,44.6,4.6,17.7,2026-05-25 09:40:58.21343
FLT00387,d0434d14f664f5d07f96bce09db19a40f14a628bd5c6e37c73859f61fa353c2e,2400.0,2943.0,459.0,1170.0,6972.0,57.15,34.4,42.2,6.6,16.8,2026-05-25 09:40:58.21343
FLT00388,4ca66d3b8bd25294a1fa6008930a00de61284cbf9a8e4cced0bf546f84622fb7,2915.0,4216.0,523.0,1790.0,9444.0,57.24,30.9,44.6,5.5,19.0,2026-05-25 09:40:58.21343
FLT00389,fc09eaa493acdda4902b0c29d916b3e5d6a8ee8e3f752bf7dbd765c27a100ce2,3629.0,3992.0,477.0,1891.0,9989.0,66.59,36.3,40.0,4.8,18.9,2026-05-25 09:40:58.21343
FLT00390,de3608a740bf3f4829d1c5d5eb7091d0d441e1cac3f936684806ba1cedaf888d,3139.0,4473.0,450.0,1926.0,9988.0,66.59,31.4,44.8,4.5,19.3,2026-05-25 09:40:58.21343
FLT00391,56ebc981afe11dbcadf5d91a402dc08b35e718640fc5094c9b49afbf80abf368,2416.0,3193.0,506.0,1391.0,7506.0,61.52,32.2,42.5,6.7,18.5,2026-05-25 09:40:58.21343
FLT00392,5e29c308232df789461de34f42aac446c92e6b938b16ef1012e870b49e91cb97,2433.0,2993.0,551.0,1272.0,7249.0,59.42,33.6,41.3,7.6,17.5,2026-05-25 09:40:58.21343
FLT00393,e610fb1a0c76c71c4ed37860a64a6d6d8d035400756b888b4a94bb5fcc88ef8f,3408.0,4254.0,494.0,1806.0,9962.0,66.41,34.2,42.7,5.0,18.1,2026-05-25 09:40:58.21343
FLT00394,725f69df0ae4cf5158f6e2c77785baf8e07f7ded8ad20ed1077edc2ca5b49d4b,3378.0,4423.0,453.0,1684.0,9938.0,66.25,34.0,44.5,4.6,16.9,2026-05-25 09:40:58.21343
FLT00395,33d9c296f449ffec70d76c0213420887300a7610a6015939caf445767cfad605,2899.0,3192.0,499.0,1296.0,7886.0,64.64,36.8,40.5,6.3,16.4,2026-05-25 09:40:58.21343
FLT00396,92471ae17f7ff0a9985c98895c7f09cb4b6fcbbdf5fb53d23eb33f28b7a20464,11837.0,27568.0,496.0,12140.0,52041.0,215.05,22.7,53.0,1.0,23.3,2026-05-25 09:40:58.21343
FLT00397,5cec384aaecef0ff3ccd7e0bd531ef445998ec8800ebf641d5b939224fca855e,12596.0,26919.0,547.0,13723.0,53785.0,222.25,23.4,50.0,1.0,25.5,2026-05-25 09:40:58.21343
FLT00398,c5fa66a4ab8e81077fd827d86ccdd22fa8fb33a60f707403c3020969c16728a1,3454.0,4124.0,480.0,1871.0,9929.0,66.19,34.8,41.5,4.8,18.8,2026-05-25 09:40:58.21343
FLT00399,a8e494633996180a6f53def49cb9b99504915c47200fae9448d1042384aa73a4,3445.0,3818.0,540.0,1874.0,9677.0,64.51,35.6,39.5,5.6,19.4,2026-05-25 09:40:58.21343
FLT00400,714a7747e49ee52687b4dbc75eeefb5c6e75f614c0c1ead01f810b875d920236,2899.0,3095.0,515.0,1245.0,7754.0,63.56,37.4,39.9,6.6,16.1,2026-05-25 09:40:58.21343
FLT00401,ec0eaee830f1939e689bdf0ca940ba69aabd23020a6ab852e4bcc54d570a8f6f,3429.0,4394.0,453.0,1594.0,9870.0,59.82,34.7,44.5,4.6,16.1,2026-05-25 09:40:58.21343
FLT00402,3fdf73764105b0287e450d088d9a951d731e205ed594e1fa04b55120e5b1977a,3240.0,4348.0,547.0,1638.0,9773.0,65.15,33.2,44.5,5.6,16.8,2026-05-25 09:40:58.21343
FLT00403,458735bec74b52a1570d7a7929feb76942c547a4d30a33ad2a31279fc567414f,3216.0,3997.0,545.0,1881.0,9639.0,58.42,33.4,41.5,5.7,19.5,2026-05-25 09:40:58.21343
FLT00404,b5c470ff4706707d125fa9f8e2b4b98da160a5c59400ea897bdca5d6eb125fc5,2839.0,2943.0,495.0,1209.0,7486.0,61.36,37.9,39.3,6.6,16.2,2026-05-25 09:40:58.21343
FLT00405,841eb51ba33c1833cd59f0e26038ab47d965bbe973b141a18b1cc4bacf1ae745,2876.0,4393.0,530.0,1937.0,9736.0,59.01,29.5,45.1,5.4,19.9,2026-05-25 09:40:58.21343
FLT00406,0122d4e7665e49ba09d4f282312d6bd13ee4d8f383ab9cc49520ff3af960d1f5,3470.0,4140.0,525.0,1917.0,10052.0,60.92,34.5,41.2,5.2,19.1,2026-05-25 09:40:58.21343
FLT00407,b07528f3a43d96ad3f8a72022f64ebe7d1350ff1eaae791447cd1f9b498abdec,3377.0,3887.0,494.0,1630.0,9388.0,56.9,36.0,41.4,5.3,17.4,2026-05-25 09:40:58.21343
FLT00408,e1c9e17e08aeb8d8bd35e3913605f55ac3ee230a886985a0b6fb9de6a471f184,2901.0,3024.0,476.0,1310.0,7711.0,63.2,37.6,39.2,6.2,17.0,2026-05-25 09:40:58.21343
FLT00409,b62827db185604a31dd66293d636b3f1d91e68e2b2857669773a3cbd5f9de85f,3401.0,3978.0,460.0,1821.0,9660.0,64.4,35.2,41.2,4.8,18.9,2026-05-25 09:40:58.21343
FLT00410,686cfdb459685be8449044151a3a8e618649d4920663bef4015703c8c0a5a966,2670.0,3122.0,506.0,1355.0,7653.0,62.73,34.9,40.8,6.6,17.7,2026-05-25 09:40:58.21343
FLT00411,549cab0600681505aa4508264def3fa28d29cb44253d9da93151bd712af3fbca,3189.0,4144.0,536.0,1727.0,9596.0,58.16,33.2,43.2,5.6,18.0,2026-05-25 09:40:58.21343
FLT00412,fde3bcc4d74d6e2a24a22ed03a274c0da6f3fdec57d209159498c591c38cbbd0,11482.0,26631.0,525.0,12807.0,51445.0,212.58,22.3,51.8,1.0,24.9,2026-05-25 09:40:58.21343
FLT00413,ad9c75406069808b33d30ca57350fb920fe3ed3196659b8083e85311f15e6805,12894.0,27714.0,464.0,11292.0,52364.0,216.38,24.6,52.9,0.9,21.6,2026-05-25 09:40:58.21343
FLT00414,7829aba31d276047e82fcc2f9e595aca39748990fee7c3111a1d5210aebda1f0,3062.0,4168.0,488.0,1739.0,9457.0,57.32,32.4,44.1,5.2,18.4,2026-05-25 09:40:58.21343
FLT00415,9b5990fd785903578d48de95e1a19e9d65a6677f1b58ee0c767abe90167855c7,2874.0,2871.0,505.0,1338.0,7588.0,62.2,37.9,37.8,6.7,17.6,2026-05-25 09:40:58.21343
FLT00416,f05e24d0265e5fd72c86a4c01f8fe6193a84ea765610288e718ba1cedbb4bcce,2604.0,3033.0,540.0,1380.0,7557.0,61.94,34.5,40.1,7.1,18.3,2026-05-25 09:40:58.21343
FLT00417,d3802d46bd03e8265944bd232683f7619c9c6cbf96b8f8195fe7a2735007f52d,2472.0,3214.0,503.0,1205.0,7394.0,60.61,33.4,43.5,6.8,16.3,2026-05-25 09:40:58.21343
FLT00418,05986a98ed1eb90357ec3d8817a51215e0e64179e1e9028cf910de4bcaa3f69c,2638.0,3245.0,503.0,1223.0,7609.0,62.37,34.7,42.6,6.6,16.1,2026-05-25 09:40:58.21343
FLT00419,5bfb42496b779c867f06dd81cfdb8785baa92274c27bcedaf0843e325ff53e44,2730.0,2807.0,461.0,1172.0,7170.0,58.77,38.1,39.1,6.4,16.3,2026-05-25 09:40:58.21343
FLT00420,98a078e16589bad1284d1a30fe803c88783ec8459f649763b1f37b742632704c,2921.0,3809.0,463.0,1810.0,9003.0,54.56,32.4,42.3,5.1,20.1,2026-05-25 09:40:58.21343
FLT00421,bb1e9493263940058fc35e7119b6deca2fe7285e60774ca74681e918056c23aa,2490.0,2870.0,544.0,1259.0,7163.0,58.71,34.8,40.1,7.6,17.6,2026-05-25 09:40:58.21343
FLT00422,ad2d5bcd00aa85c8b48428b696354c617b059f60b3be4fa6fa39ede4821f3394,2749.0,2767.0,473.0,1150.0,7139.0,58.52,38.5,38.8,6.6,16.1,2026-05-25 09:40:58.21343
FLT00423,7ff2356593d20758075bc27e936831800a23e81399c9f14c1dc0abd47f7cbf08,2947.0,3913.0,466.0,1616.0,8942.0,54.19,33.0,43.8,5.2,18.1,2026-05-25 09:40:58.21343
FLT00424,242356839ed280daff9082210d2092294e8df9497366221b0a64498b05c7d094,2917.0,4062.0,469.0,1713.0,9161.0,55.52,31.8,44.3,5.1,18.7,2026-05-25 09:40:58.21343
FLT00425,ed1f67cad1e68f9de2b5b3e29f54f4aebd6cde629d0234615448d5a99b01ac6d,3325.0,4250.0,453.0,1866.0,9894.0,65.96,33.6,43.0,4.6,18.9,2026-05-25 09:40:58.21343
FLT00426,0a9b675346e203be478c8563f77a6882bcc0e6d2387d2d33217e97553c6dd451,2727.0,2713.0,541.0,1373.0,7354.0,60.28,37.1,36.9,7.4,18.7,2026-05-25 09:40:58.21343
FLT00427,6e4104f1183b764715cce606d0252d953adaf2c8f7b83d6e4d8c1fa8edd8f836,2879.0,3911.0,529.0,1848.0,9167.0,55.56,31.4,42.7,5.8,20.2,2026-05-25 09:40:58.21343
FLT00428,efc4146496e6eacc98be294cf5704608e214f3895f0e6756259ceeac2e75feed,11607.0,27693.0,487.0,12468.0,52255.0,215.93,22.2,53.0,0.9,23.9,2026-05-25 09:40:58.21343
FLT00429,7e184307c0e6462b8bd4b747e95c2e869ffff5dfe7e6062c33cb1e21e9cda69c,12682.0,28631.0,496.0,13126.0,54935.0,227.0,23.1,52.1,0.9,23.9,2026-05-25 09:40:58.21343
FLT00430,214b915fc907a81a80c678d3568dade3749c9c311fcb29a7f770e3f2cdb0f455,2413.0,2814.0,525.0,1366.0,7118.0,58.34,33.9,39.5,7.4,19.2,2026-05-25 09:40:58.21343
FLT00431,bb6834e08e7721506cfde4beca6587c030cb43d1a21e94913f9b02ea07734804,2666.0,2980.0,464.0,1253.0,7363.0,60.35,36.2,40.5,6.3,17.0,2026-05-25 09:40:58.21343
FLT00432,903d3c0edace3ce0f5897df255f377a49cc637e5366e5756d38a2c30a933124b,3344.0,3883.0,476.0,1718.0,9421.0,62.81,35.5,41.2,5.1,18.2,2026-05-25 09:40:58.21343
FLT00433,86843725432139703b8257f8fa3b2a7599e10a8626a1fa5c45e8b729abcd96f6,3003.0,3948.0,470.0,1700.0,9121.0,60.81,32.9,43.3,5.2,18.6,2026-05-25 09:40:58.21343
FLT00434,aefd622090d04c0c049fbfec88348d76677b71d65829f80a135db2f0e2d55d21,3070.0,4414.0,508.0,1824.0,9816.0,65.44,31.3,45.0,5.2,18.6,2026-05-25 09:40:58.21343
FLT00435,d4e85a4d342f2f781e47d1c1b457c37301c34d6dbed855b992e98d857aa408ab,3339.0,4093.0,457.0,1774.0,9663.0,58.56,34.6,42.4,4.7,18.4,2026-05-25 09:40:58.21343
FLT00436,52a381f147ad2d2d294ba11eb1d8aac719c4386de0ce64efff46bb9578f1c01b,3211.0,4295.0,492.0,1630.0,9628.0,58.35,33.4,44.6,5.1,16.9,2026-05-25 09:40:58.21343
FLT00437,3a5f34daf9aaff2c76c74d5c561bfed6aabb11c0575eba6eb0351aae20bcadf6,3020.0,3982.0,513.0,1786.0,9301.0,56.37,32.5,42.8,5.5,19.2,2026-05-25 09:40:58.21343
FLT00438,238ba5238ac3ca30a309d97980d005ed532237f0203e0334d0de1af990fb8ae8,3065.0,4493.0,509.0,1668.0,9735.0,59.0,31.5,46.2,5.2,17.1,2026-05-25 09:40:58.21343
FLT00439,b1c35f39d4603b0fa92d5a3538b819acf27cea0100d3d2c58ad240e5753c1514,3058.0,3810.0,473.0,1641.0,8982.0,59.88,34.0,42.4,5.3,18.3,2026-05-25 09:40:58.21343
FLT00440,1d30670a37a839fc6de21beff9d5ff1f227f98100d883cbf1bd23518cba43dd6,2493.0,2834.0,471.0,1367.0,7165.0,58.73,34.8,39.6,6.6,19.1,2026-05-25 09:40:58.21343
FLT00441,0e8255db810b707bc73954bfd267ac75f3a7cc0b3e8166b42658917938ddbb54,3043.0,4114.0,490.0,1931.0,9578.0,63.85,31.8,43.0,5.1,20.2,2026-05-25 09:40:58.21343
FLT00442,9f34432284e1e26ca6ef454bc227d27b50ca3ae4b17d39737705031aede92e26,2911.0,4010.0,545.0,1890.0,9356.0,56.7,31.1,42.9,5.8,20.2,2026-05-25 09:40:58.21343
FLT00443,e570eb28c44b1f17445b46358e84213c403b36c776a6aa0b79047e8ab88c0355,3533.0,3896.0,466.0,1820.0,9715.0,64.77,36.4,40.1,4.8,18.7,2026-05-25 09:40:58.21343
FLT00444,b4239af9f5a138d304447ca25a7c6c468c031d69f04d6301ddc718bc64e55abd,13453.0,29736.0,507.0,11956.0,55652.0,229.97,24.2,53.4,0.9,21.5,2026-05-25 09:40:58.21343
FLT00445,c9bb3e78ef1d16a4fd557d66fd53502e50b91871373d419893574df473751bda,13056.0,27562.0,482.0,12320.0,53420.0,220.74,24.4,51.6,0.9,23.1,2026-05-25 09:40:58.21343
FLT00446,1a9bc38b2e56ccd0486546e86808213eeeb06e02025761f565b58a8b088bd70c,3327.0,3883.0,460.0,1800.0,9470.0,63.13,35.1,41.0,4.9,19.0,2026-05-25 09:40:58.21343
FLT00447,bef4b50b1beb9e70b984dabb8197ba4469a8430dd2d799ea49792967dec57df5,2547.0,3009.0,469.0,1261.0,7286.0,59.72,35.0,41.3,6.4,17.3,2026-05-25 09:40:58.21343
FLT00448,cb7ba97b21cc564905ae0a94640363e956a4edc42b2732523b652008bf106515,2677.0,2696.0,487.0,1173.0,7033.0,57.65,38.1,38.3,6.9,16.7,2026-05-25 09:40:58.21343
FLT00449,85253003c7d6388e0d7f7d4e17dd097c25d21b3cd6c80b4e49016458b28f48c6,2881.0,4495.0,481.0,1870.0,9727.0,58.95,29.6,46.2,4.9,19.2,2026-05-25 09:40:58.21343
FLT00450,2d59d35572b54cb304497aed5b33070a36561a33d34a0fbb024742866e2f6d27,2529.0,3069.0,530.0,1290.0,7418.0,60.8,34.1,41.4,7.1,17.4,2026-05-25 09:40:58.21343
FLT00451,7ef30de631e143e11670c0675bb84d23ca528687e48ac8a024203c80385623ea,3303.0,4022.0,484.0,1912.0,9721.0,64.81,34.0,41.4,5.0,19.7,2026-05-25 09:40:58.21343
FLT00452,a14cc68bc686522a07c11606e63a0209fceb7ee1e08aa6b03b3f3e58fad24398,3365.0,4475.0,461.0,1842.0,10143.0,61.47,33.2,44.1,4.5,18.2,2026-05-25 09:40:58.21343
FLT00453,79540dce71b1896097c3a0fc8cc0bc972ce075356d273f554cab3b1a466f09cb,2893.0,2772.0,460.0,1327.0,7452.0,61.08,38.8,37.2,6.2,17.8,2026-05-25 09:40:58.21343
FLT00454,7f95ab318bebec045981cfe4c92fc15d960348e212eab8f849b06e84e9863617,2699.0,3163.0,467.0,1341.0,7670.0,62.87,35.2,41.2,6.1,17.5,2026-05-25 09:40:58.21343
FLT00455,70c6a9f435070e0fe19637fc5ed22bdcd522514415315aee7bd3855984d5c5f5,2501.0,2762.0,470.0,1346.0,7079.0,58.02,35.3,39.0,6.6,19.0,2026-05-25 09:40:58.21343
FLT00456,f7a860543b7d42a1a062dd9e0dccbd9c414aa581033fe0ebe0de79619b24b041,3261.0,4113.0,484.0,1894.0,9752.0,59.1,33.4,42.2,5.0,19.4,2026-05-25 09:40:58.21343
FLT00457,28b543f061e08e0e944f34f9e4c1f791cfe8f3405b5d4b936658ef01647ff809,3251.0,4353.0,493.0,1717.0,9814.0,65.43,33.1,44.4,5.0,17.5,2026-05-25 09:40:58.21343
FLT00458,de88d902ed4694aa42df8d3d437d9835691d9a240153157039e793fc808aadc7,3298.0,3931.0,523.0,1762.0,9514.0,63.43,34.7,41.3,5.5,18.5,2026-05-25 09:40:58.21343
FLT00459,0a81091ad9cff3b6a8395f5b0b986ad45d699239d88d7898544dc023cd16eb4a,2987.0,4421.0,487.0,1776.0,9671.0,58.61,30.9,45.7,5.0,18.4,2026-05-25 09:40:58.21343
FLT00460,2e0c93b1c7a1ddf67b8d4ee7a24bfa1ab8d8248be045ccb8e639d11780f22809,13396.0,30133.0,462.0,13607.0,57598.0,238.01,23.3,52.3,0.8,23.6,2026-05-25 09:40:58.21343
FLT00461,d26f053ef49ae5d1a5201c9f6aa75f194981edbf8a06ad797712f02db1395055,12705.0,28431.0,464.0,13242.0,54842.0,226.62,23.2,51.8,0.8,24.1,2026-05-25 09:40:58.21343
FLT00462,dd38018850d92c1d5832c89159317e5ba1ad0d4c5a3db3d5037fb0185644d3bd,3232.0,4122.0,538.0,1862.0,9754.0,59.12,33.1,42.3,5.5,19.1,2026-05-25 09:40:58.21343
FLT00463,9474c1709bdcfecd2457d28434194b46ac25dff370216da4078c0a9a8dd50082,2936.0,3940.0,473.0,1847.0,9196.0,55.73,31.9,42.8,5.1,20.1,2026-05-25 09:40:58.21343
FLT00464,3b58b7b3e333f81d6a97e3c948bfdf8c2a87a9b8609744ce1b05e6102db0adf0,2411.0,3002.0,530.0,1361.0,7304.0,59.87,33.0,41.1,7.3,18.6,2026-05-25 09:40:58.21343
FLT00465,af0d42013fd7ad43f45f228d67751ee22467a4d4a024bfde39563aaacb395d57,3057.0,4357.0,460.0,1883.0,9757.0,59.13,31.3,44.7,4.7,19.3,2026-05-25 09:40:58.21343
FLT00466,aef19f70b0171f1fe4000c6e2c33a15459ac12641cf17440a18cd9af426baab2,2921.0,4010.0,528.0,1638.0,9097.0,55.13,32.1,44.1,5.8,18.0,2026-05-25 09:40:58.21343
FLT00467,982d5e1138e117a50807e11ee1879d2ee8537b4ce5b3c8031c70f2c362613e1d,2985.0,4276.0,521.0,1811.0,9593.0,58.14,31.1,44.6,5.4,18.9,2026-05-25 09:40:58.21343
FLT00468,888e6995119a7410c9b8fbdfe53cf2f4e3c6ce4ab02f4991ce77612733bf4de8,3451.0,4129.0,474.0,1706.0,9760.0,65.07,35.4,42.3,4.9,17.5,2026-05-25 09:40:58.21343
FLT00469,aa194c321d073eb5e86a9f47602555a60bc9482b9f3533fd3b089b0c0e72fd13,3111.0,4429.0,507.0,1726.0,9773.0,65.15,31.8,45.3,5.2,17.7,2026-05-25 09:40:58.21343
FLT00470,64db79ad6ae68b4545192c08955dae64e953bacc231f6078fb5fb6ca5570ffcf,3132.0,4460.0,464.0,1791.0,9847.0,59.68,31.8,45.3,4.7,18.2,2026-05-25 09:40:58.21343
FLT00471,3cb3cd556aa350ee37a5320dd7f155e072cb83bcbc4991a0ab2b133619ad5fe4,3160.0,4185.0,451.0,1892.0,9688.0,58.72,32.6,43.2,4.7,19.5,2026-05-25 09:40:58.21343
FLT00472,6eea9bdb555f5953c860bde5888ab6bcfa28834bac6581839e0a29ab7ee1686d,3429.0,4147.0,518.0,1910.0,10004.0,60.63,34.3,41.5,5.2,19.1,2026-05-25 09:40:58.21343
FLT00473,c4ab0bb0dd47133b0098a25701c70c498c7e7378a2f25a2fdd2e3c7479718c46,2770.0,2755.0,511.0,1293.0,7329.0,60.07,37.8,37.6,7.0,17.6,2026-05-25 09:40:58.21343
FLT00474,d0726a58af2bf09c1e676a112c1bb6238d5d4166bc384c62f48763f69fdebba0,3272.0,4288.0,542.0,1911.0,10013.0,66.75,32.7,42.8,5.4,19.1,2026-05-25 09:40:58.21343
FLT00475,a8b16f3c94a4b92d8f0ded69fd1cadfd1706159a56850354893ed5c5376b6330,2633.0,2732.0,553.0,1352.0,7270.0,59.59,36.2,37.6,7.6,18.6,2026-05-25 09:40:58.21343
FLT00476,ea7fe6a4e05034f1a16c556aa9659f3b36cd87e85c9791580297585f39bc2574,11459.0,31877.0,537.0,12554.0,56427.0,233.17,20.3,56.5,1.0,22.2,2026-05-25 09:40:58.21343
FLT00477,5fd1120833615d3f3e300e419c1f413761c937c107055bf9c2774319cd4026ab,12615.0,28808.0,455.0,12094.0,53972.0,223.02,23.4,53.4,0.8,22.4,2026-05-25 09:40:58.21343
FLT00478,673871593b6b44f695e10595d02ef7eeaa03fa66a230a43e7bff5d810a9f979f,3524.0,3689.0,482.0,1725.0,9420.0,62.8,37.4,39.2,5.1,18.3,2026-05-25 09:40:58.21343
FLT00479,f5196e4ebe36cd640b6798cb2bdd4365e9683f4da75d1a92cc4eede0bf253e57,3347.0,4438.0,483.0,1707.0,9975.0,66.5,33.6,44.5,4.8,17.1,2026-05-25 09:40:58.21343
FLT00480,6e69d0259ccc71dfe30c68e6cccef268db23b3b547c01e0928610b7430c5d95d,3306.0,4055.0,471.0,1744.0,9576.0,58.04,34.5,42.3,4.9,18.2,2026-05-25 09:40:58.21343
