flight_id;flight_number;route_id;flight_date;scheduled_departure;actual_departure;scheduled_arrival;actual_arrival;aircraft_type;seat_capacity;flight_status;delay_min
FLT00001;HF101;R001;2025-01-01;2025-01-01 10:00;2025-01-01 11:00;2025-01-01 10:50;2025-01-01 11:45;A319;122;Delayed;60
FLT00002;HF102;R002;2025-01-01;2025-01-01 08:45;2025-01-01 08:45;2025-01-01 09:50;2025-01-01 09:45;A319;122;On Time;0
FLT00003;HF103;R003;2025-01-01;2025-01-01 19:00;2025-01-01 18:55;2025-01-01 20:10;2025-01-01 20:05;A320;150;On Time;0
FLT00004;HF104;R004;2025-01-01;2025-01-01 10:15;2025-01-01 10:15;2025-01-01 11:25;2025-01-01 11:20;A319;122;Delayed;0
FLT00005;HF104;R004;2025-01-01;2025-01-01 10:15;2025-01-01 10:10;2025-01-01 11:25;2025-01-01 11:20;A320;150;On Time;0
FLT00006;HF105;R005;2025-01-01;2025-01-01 06:15;2025-01-01 06:15;2025-01-01 08:25;2025-01-01 08:20;A320;150;On Time;0
FLT00007;HF105;R005;2025-01-01;2025-01-01 10:00;2025-01-01 10:05;2025-01-01 12:10;2025-01-01 12:10;A319;122;On Time;5
FLT00008;HF106;R006;2025-01-01;2025-01-01 16:30;2025-01-01 16:35;2025-01-01 18:05;2025-01-01 18:05;A320neo;165;On Time;5
FLT00009;HF106;R006;2025-01-01;2025-01-01 22:30;2025-01-01 22:35;2025-01-02 00:05;2025-01-02 00:05;A320;150;On Time;5
FLT00010;HF107;R007;2025-01-01;2025-01-01 13:15;2025-01-01 13:20;2025-01-01 14:40;2025-01-01 14:40;A320;150;On Time;5
FLT00011;HF108;R008;2025-01-01;2025-01-01 22:15;2025-01-01 22:15;2025-01-01 23:55;2025-01-01 23:50;A320neo;165;Delayed;0
FLT00012;HF109;R009;2025-01-01;2025-01-01 08:30;2025-01-01 08:35;2025-01-01 15:00;2025-01-01 15:00;A330-900neo;242;On Time;5
FLT00013;HF109;R009;2025-01-01;2025-01-01 08:15;2025-01-01 08:10;2025-01-01 14:45;2025-01-01 14:40;A330-900neo;242;On Time;0
FLT00014;HF110;R010;2025-01-01;2025-01-01 22:00;2025-01-01 22:45;2025-01-01 23:10;2025-01-01 23:50;A319;122;Delayed;45
FLT00015;HF111;R011;2025-01-01;2025-01-01 19:30;2025-01-01 19:30;2025-01-01 21:40;2025-01-01 21:35;A320;150;On Time;0
FLT00016;HF112;R012;2025-01-01;2025-01-01 13:00;2025-01-01 13:05;2025-01-01 14:35;2025-01-01 14:35;A320neo;165;On Time;5
FLT00017;HF101;R001;2025-01-02;2025-01-02 16:30;2025-01-02 16:30;2025-01-02 17:20;2025-01-02 17:15;A320;150;On Time;0
FLT00018;HF102;R002;2025-01-02;2025-01-02 22:45;2025-01-02 22:50;2025-01-02 23:50;2025-01-02 23:50;A319;122;On Time;5
FLT00019;HF103;R003;2025-01-02;2025-01-02 16:30;2025-01-02 16:30;2025-01-02 17:40;2025-01-02 17:35;A320neo;165;On Time;0
FLT00020;HF104;R004;2025-01-02;2025-01-02 06:15;2025-01-02 06:30;2025-01-02 07:25;2025-01-02 07:35;A320;150;Delayed;15
FLT00021;HF104;R004;2025-01-02;2025-01-02 22:45;2025-01-02 23:45;2025-01-02 23:55;2025-01-03 00:50;A320;150;Delayed;60
FLT00022;HF105;R005;2025-01-02;2025-01-02 16:15;;2025-01-02 18:25;;A319;122;Cancelled;
FLT00023;HF105;R005;2025-01-02;2025-01-02 22:30;2025-01-02 22:30;2025-01-03 00:40;2025-01-03 00:35;A320neo;165;On Time;0
FLT00024;HF106;R006;2025-01-02;2025-01-02 22:30;2025-01-02 22:30;2025-01-03 00:05;2025-01-03 00:00;A319;122;On Time;0
FLT00025;HF106;R006;2025-01-02;2025-01-02 22:45;2025-01-02 22:40;2025-01-03 00:20;2025-01-03 00:15;A320neo;165;On Time;0
FLT00026;HF107;R007;2025-01-02;2025-01-02 10:45;2025-01-02 10:40;2025-01-02 12:10;2025-01-02 12:05;A320;150;On Time;0
FLT00027;HF108;R008;2025-01-02;2025-01-02 13:15;2025-01-02 13:15;2025-01-02 14:55;2025-01-02 14:50;A320;150;Delayed;0
FLT00028;HF109;R009;2025-01-02;2025-01-02 10:30;2025-01-02 10:30;2025-01-02 17:00;2025-01-02 16:55;A330-900neo;242;On Time;0
FLT00029;HF109;R009;2025-01-02;2025-01-02 13:00;2025-01-02 13:00;2025-01-02 19:30;2025-01-02 19:25;A330-900neo;242;On Time;0
FLT00030;HF110;R010;2025-01-02;2025-01-02 13:00;2025-01-02 13:00;2025-01-02 14:10;2025-01-02 14:05;A320;150;On Time;0
FLT00031;HF111;R011;2025-01-02;2025-01-02 22:15;2025-01-02 22:15;2025-01-03 00:25;2025-01-03 00:20;A319;122;On Time;0
FLT00032;HF112;R012;2025-01-02;2025-01-02 13:15;2025-01-02 13:15;2025-01-02 14:50;2025-01-02 14:45;A320neo;165;On Time;0
FLT00033;HF101;R001;2025-01-03;2025-01-03 22:45;2025-01-03 22:45;2025-01-03 23:35;2025-01-03 23:30;A320neo;165;On Time;0
FLT00034;HF102;R002;2025-01-03;2025-01-03 06:30;2025-01-03 06:30;2025-01-03 07:35;2025-01-03 07:30;A319;122;On Time;0
FLT00035;HF103;R003;2025-01-03;2025-01-03 19:30;2025-01-03 19:40;2025-01-03 20:40;2025-01-03 20:45;A320;150;Delayed;10
FLT00036;HF104;R004;2025-01-03;2025-01-03 10:45;2025-01-03 10:50;2025-01-03 11:55;2025-01-03 11:55;A320neo;165;On Time;5
FLT00037;HF104;R004;2025-01-03;2025-01-03 22:00;2025-01-03 22:00;2025-01-03 23:10;2025-01-03 23:05;A320;150;On Time;0
FLT00038;HF105;R005;2025-01-03;2025-01-03 16:30;2025-01-03 17:30;2025-01-03 18:40;2025-01-03 19:35;A320neo;165;Delayed;60
FLT00039;HF105;R005;2025-01-03;2025-01-03 13:30;2025-01-03 13:35;2025-01-03 15:40;2025-01-03 15:40;A320;150;On Time;5
FLT00040;HF106;R006;2025-01-03;2025-01-03 13:30;2025-01-03 13:30;2025-01-03 15:05;2025-01-03 15:00;A320;150;On Time;0
FLT00041;HF106;R006;2025-01-03;2025-01-03 16:15;;2025-01-03 17:50;;A320neo;165;Cancelled;
FLT00042;HF107;R007;2025-01-03;2025-01-03 16:30;2025-01-03 16:30;2025-01-03 17:55;2025-01-03 17:50;A319;122;On Time;0
FLT00043;HF108;R008;2025-01-03;2025-01-03 22:00;2025-01-03 22:05;2025-01-03 23:40;2025-01-03 23:40;A320;150;On Time;5
FLT00044;HF109;R009;2025-01-03;2025-01-03 13:45;2025-01-03 13:40;2025-01-03 20:15;2025-01-03 20:10;A330-900neo;242;On Time;0
FLT00045;HF109;R009;2025-01-03;2025-01-03 06:45;2025-01-03 07:30;2025-01-03 13:15;2025-01-03 13:55;A330-900neo;242;Delayed;45
FLT00046;HF110;R010;2025-01-03;2025-01-03 13:45;2025-01-03 13:50;2025-01-03 14:55;2025-01-03 14:55;A319;122;On Time;5
FLT00047;HF111;R011;2025-01-03;2025-01-03 13:45;2025-01-03 13:45;2025-01-03 15:55;2025-01-03 15:50;A319;122;On Time;0
FLT00048;HF112;R012;2025-01-03;2025-01-03 19:15;2025-01-03 19:15;2025-01-03 20:50;2025-01-03 20:45;A319;122;On Time;0
FLT00049;HF101;R001;2025-01-04;2025-01-04 16:30;2025-01-04 16:30;2025-01-04 17:20;2025-01-04 17:15;A320;150;Delayed;0
FLT00050;HF102;R002;2025-01-04;2025-01-04 06:15;2025-01-04 06:15;2025-01-04 07:20;2025-01-04 07:15;A320neo;165;Delayed;0
FLT00051;HF103;R003;2025-01-04;2025-01-04 06:45;2025-01-04 06:50;2025-01-04 07:55;2025-01-04 07:55;A319;122;On Time;5
FLT00052;HF104;R004;2025-01-04;2025-01-04 06:15;2025-01-04 06:15;2025-01-04 07:25;2025-01-04 07:20;A320;150;Delayed;0
FLT00053;HF104;R004;2025-01-04;2025-01-04 16:45;2025-01-04 17:30;2025-01-04 17:55;2025-01-04 18:35;A319;122;Delayed;45
FLT00054;HF105;R005;2025-01-04;2025-01-04 22:00;2025-01-04 22:30;2025-01-05 00:10;2025-01-05 00:35;A319;122;Delayed;30
FLT00055;HF105;R005;2025-01-04;2025-01-04 10:15;2025-01-04 10:15;2025-01-04 12:25;2025-01-04 12:20;A319;122;On Time;0
FLT00056;HF106;R006;2025-01-04;2025-01-04 16:30;2025-01-04 16:30;2025-01-04 18:05;2025-01-04 18:00;A319;122;On Time;0
FLT00057;HF106;R006;2025-01-04;2025-01-04 13:30;2025-01-04 13:35;2025-01-04 15:05;2025-01-04 15:05;A320;150;On Time;5
FLT00058;HF107;R007;2025-01-04;2025-01-04 16:45;2025-01-04 16:45;2025-01-04 18:10;2025-01-04 18:05;A320;150;On Time;0
FLT00059;HF108;R008;2025-01-04;2025-01-04 08:45;2025-01-04 09:00;2025-01-04 10:25;2025-01-04 10:35;A320neo;165;Delayed;15
FLT00060;HF109;R009;2025-01-04;2025-01-04 10:15;2025-01-04 10:15;2025-01-04 16:45;2025-01-04 16:40;A330-900neo;242;On Time;0
FLT00061;HF109;R009;2025-01-04;2025-01-04 16:30;2025-01-04 17:30;2025-01-04 23:00;2025-01-04 23:55;A330-900neo;242;Delayed;60
FLT00062;HF110;R010;2025-01-04;2025-01-04 19:15;2025-01-04 19:15;2025-01-04 20:25;2025-01-04 20:20;A320;150;On Time;0
FLT00063;HF111;R011;2025-01-04;2025-01-04 13:00;2025-01-04 13:00;2025-01-04 15:10;2025-01-04 15:05;A319;122;Delayed;0
FLT00064;HF112;R012;2025-01-04;2025-01-04 13:30;2025-01-04 13:35;2025-01-04 15:05;2025-01-04 15:05;A319;122;On Time;5
FLT00065;HF101;R001;2025-01-05;2025-01-05 10:15;2025-01-05 11:15;2025-01-05 11:05;2025-01-05 12:00;A320neo;165;Delayed;60
FLT00066;HF102;R002;2025-01-05;2025-01-05 13:45;2025-01-05 13:40;2025-01-05 14:50;2025-01-05 14:45;A319;122;On Time;0
FLT00067;HF103;R003;2025-01-05;2025-01-05 08:45;2025-01-05 08:45;2025-01-05 09:55;2025-01-05 09:50;A319;122;Delayed;0
FLT00068;HF104;R004;2025-01-05;2025-01-05 08:00;2025-01-05 08:05;2025-01-05 09:10;2025-01-05 09:10;A320;150;Delayed;5
FLT00069;HF104;R004;2025-01-05;2025-01-05 06:15;2025-01-05 06:15;2025-01-05 07:25;2025-01-05 07:20;A320neo;165;On Time;0
FLT00070;HF105;R005;2025-01-05;2025-01-05 22:15;2025-01-05 22:15;2025-01-06 00:25;2025-01-06 00:20;A319;122;On Time;0
FLT00071;HF105;R005;2025-01-05;2025-01-05 22:15;2025-01-05 22:10;2025-01-06 00:25;2025-01-06 00:20;A320;150;On Time;0
FLT00072;HF106;R006;2025-01-05;2025-01-05 08:00;;2025-01-05 09:35;;A320;150;Cancelled;
FLT00073;HF106;R006;2025-01-05;2025-01-05 08:30;2025-01-05 09:15;2025-01-05 10:05;2025-01-05 10:45;A320;150;Delayed;45
FLT00074;HF107;R007;2025-01-05;2025-01-05 08:00;2025-01-05 08:00;2025-01-05 09:25;2025-01-05 09:20;A319;122;Delayed;0
FLT00075;HF108;R008;2025-01-05;2025-01-05 08:45;2025-01-05 08:45;2025-01-05 10:25;2025-01-05 10:20;A319;122;On Time;0
FLT00076;HF109;R009;2025-01-05;2025-01-05 19:15;2025-01-05 19:15;2025-01-06 01:45;2025-01-06 01:40;A330-900neo;242;On Time;0
FLT00077;HF109;R009;2025-01-05;2025-01-05 10:15;2025-01-05 10:15;2025-01-05 16:45;2025-01-05 16:40;A330-900neo;242;On Time;0
FLT00078;HF110;R010;2025-01-05;2025-01-05 13:00;2025-01-05 13:00;2025-01-05 14:10;2025-01-05 14:05;A319;122;On Time;0
FLT00079;HF111;R011;2025-01-05;2025-01-05 08:00;2025-01-05 08:00;2025-01-05 10:10;2025-01-05 10:05;A319;122;On Time;0
FLT00080;HF112;R012;2025-01-05;2025-01-05 13:30;2025-01-05 13:25;2025-01-05 15:05;2025-01-05 15:00;A319;122;On Time;0
FLT00081;HF101;R001;2025-01-06;2025-01-06 22:30;2025-01-06 22:25;2025-01-06 23:20;2025-01-06 23:15;A319;122;On Time;0
FLT00082;HF102;R002;2025-01-06;2025-01-06 10:45;2025-01-06 10:40;2025-01-06 11:50;2025-01-06 11:45;A320;150;On Time;0
FLT00083;HF103;R003;2025-01-06;2025-01-06 08:45;2025-01-06 08:40;2025-01-06 09:55;2025-01-06 09:50;A320;150;On Time;0
FLT00084;HF104;R004;2025-01-06;2025-01-06 08:15;2025-01-06 08:15;2025-01-06 09:25;2025-01-06 09:20;A319;122;On Time;0
FLT00085;HF104;R004;2025-01-06;2025-01-06 06:00;;2025-01-06 07:10;;A320;150;Cancelled;
FLT00086;HF105;R005;2025-01-06;2025-01-06 08:15;2025-01-06 08:15;2025-01-06 10:25;2025-01-06 10:20;A319;122;On Time;0
FLT00087;HF105;R005;2025-01-06;2025-01-06 10:30;2025-01-06 10:30;2025-01-06 12:40;2025-01-06 12:35;A319;122;On Time;0
FLT00088;HF106;R006;2025-01-06;2025-01-06 19:30;2025-01-06 19:25;2025-01-06 21:05;2025-01-06 21:00;A320;150;On Time;0
FLT00089;HF106;R006;2025-01-06;2025-01-06 19:45;2025-01-06 19:40;2025-01-06 21:20;2025-01-06 21:15;A320neo;165;On Time;0
FLT00090;HF107;R007;2025-01-06;2025-01-06 22:15;2025-01-06 22:10;2025-01-06 23:40;2025-01-06 23:35;A320;150;On Time;0
FLT00091;HF108;R008;2025-01-06;2025-01-06 06:00;2025-01-06 06:05;2025-01-06 07:40;2025-01-06 07:40;A319;122;On Time;5
FLT00092;HF109;R009;2025-01-06;2025-01-06 19:15;2025-01-06 19:15;2025-01-07 01:45;2025-01-07 01:40;A330-900neo;242;On Time;0
FLT00093;HF109;R009;2025-01-06;2025-01-06 06:30;2025-01-06 06:35;2025-01-06 13:00;2025-01-06 13:00;A330-900neo;242;Delayed;5
FLT00094;HF110;R010;2025-01-06;2025-01-06 10:15;2025-01-06 10:15;2025-01-06 11:25;2025-01-06 11:20;A319;122;On Time;0
FLT00095;HF111;R011;2025-01-06;2025-01-06 06:45;2025-01-06 06:40;2025-01-06 08:55;2025-01-06 08:50;A320;150;On Time;0
FLT00096;HF112;R012;2025-01-06;2025-01-06 06:15;2025-01-06 06:15;2025-01-06 07:50;2025-01-06 07:45;A320;150;On Time;0
FLT00097;HF101;R001;2025-01-07;2025-01-07 16:00;2025-01-07 16:00;2025-01-07 16:50;2025-01-07 16:45;A319;122;On Time;0
FLT00098;HF102;R002;2025-01-07;2025-01-07 16:00;2025-01-07 16:00;2025-01-07 17:05;2025-01-07 17:00;A320;150;On Time;0
FLT00099;HF103;R003;2025-01-07;2025-01-07 10:45;2025-01-07 10:45;2025-01-07 11:55;2025-01-07 11:50;A319;122;On Time;0
FLT00100;HF104;R004;2025-01-07;2025-01-07 19:15;2025-01-07 19:15;2025-01-07 20:25;2025-01-07 20:20;A319;122;Delayed;0
FLT00101;HF104;R004;2025-01-07;2025-01-07 06:45;2025-01-07 06:55;2025-01-07 07:55;2025-01-07 08:00;A320neo;165;Delayed;10
FLT00102;HF105;R005;2025-01-07;2025-01-07 19:15;2025-01-07 19:15;2025-01-07 21:25;2025-01-07 21:20;A319;122;On Time;0
FLT00103;HF105;R005;2025-01-07;2025-01-07 22:30;;2025-01-08 00:40;;A320;150;Cancelled;
FLT00104;HF106;R006;2025-01-07;2025-01-07 13:00;2025-01-07 12:55;2025-01-07 14:35;2025-01-07 14:30;A319;122;On Time;0
FLT00105;HF106;R006;2025-01-07;2025-01-07 19:15;2025-01-07 19:10;2025-01-07 20:50;2025-01-07 20:45;A320neo;165;On Time;0
FLT00106;HF107;R007;2025-01-07;2025-01-07 22:15;2025-01-07 22:10;2025-01-07 23:40;2025-01-07 23:35;A320;150;On Time;0
FLT00107;HF108;R008;2025-01-07;2025-01-07 06:15;2025-01-07 06:15;2025-01-07 07:55;2025-01-07 07:50;A320neo;165;On Time;0
FLT00108;HF109;R009;2025-01-07;2025-01-07 22:30;2025-01-07 22:35;2025-01-08 05:00;2025-01-08 05:00;A330-900neo;242;On Time;5
FLT00109;HF109;R009;2025-01-07;2025-01-07 16:15;2025-01-07 16:20;2025-01-07 22:45;2025-01-07 22:45;A330-900neo;242;On Time;5
FLT00110;HF110;R010;2025-01-07;2025-01-07 22:45;2025-01-07 22:45;2025-01-07 23:55;2025-01-07 23:50;A319;122;On Time;0
FLT00111;HF111;R011;2025-01-07;2025-01-07 19:15;2025-01-07 19:15;2025-01-07 21:25;2025-01-07 21:20;A320;150;On Time;0
FLT00112;HF112;R012;2025-01-07;2025-01-07 08:15;2025-01-07 08:45;2025-01-07 09:50;2025-01-07 10:15;A320neo;165;Delayed;30
FLT00113;HF101;R001;2025-01-08;2025-01-08 19:00;;2025-01-08 19:50;;A320;150;Cancelled;
FLT00114;HF102;R002;2025-01-08;2025-01-08 06:45;2025-01-08 06:40;2025-01-08 07:50;2025-01-08 07:45;A320;150;On Time;0
FLT00115;HF103;R003;2025-01-08;2025-01-08 22:00;2025-01-08 21:55;2025-01-08 23:10;2025-01-08 23:05;A320neo;165;On Time;0
FLT00116;HF104;R004;2025-01-08;2025-01-08 22:30;2025-01-08 23:00;2025-01-08 23:40;2025-01-09 00:05;A319;122;Delayed;30
FLT00117;HF104;R004;2025-01-08;2025-01-08 16:15;2025-01-08 17:15;2025-01-08 17:25;2025-01-08 18:20;A320;150;Delayed;60
FLT00118;HF105;R005;2025-01-08;2025-01-08 08:30;2025-01-08 08:30;2025-01-08 10:40;2025-01-08 10:35;A320;150;Delayed;0
FLT00119;HF105;R005;2025-01-08;2025-01-08 19:45;2025-01-08 19:50;2025-01-08 21:55;2025-01-08 21:55;A320neo;165;Delayed;5
FLT00120;HF106;R006;2025-01-08;2025-01-08 13:45;2025-01-08 14:00;2025-01-08 15:20;2025-01-08 15:30;A320neo;165;Delayed;15
FLT00121;HF106;R006;2025-01-08;2025-01-08 19:00;2025-01-08 19:00;2025-01-08 20:35;2025-01-08 20:30;A320;150;On Time;0
FLT00122;HF107;R007;2025-01-08;2025-01-08 08:15;2025-01-08 08:15;2025-01-08 09:40;2025-01-08 09:35;A320neo;165;On Time;0
FLT00123;HF108;R008;2025-01-08;2025-01-08 13:00;2025-01-08 13:00;2025-01-08 14:40;2025-01-08 14:35;A320;150;On Time;0
FLT00124;HF109;R009;2025-01-08;2025-01-08 22:45;2025-01-08 22:40;2025-01-09 05:15;2025-01-09 05:10;A330-900neo;242;On Time;0
FLT00125;HF109;R009;2025-01-08;2025-01-08 08:30;2025-01-08 08:35;2025-01-08 15:00;2025-01-08 15:00;A330-900neo;242;On Time;5
FLT00126;HF110;R010;2025-01-08;2025-01-08 22:30;2025-01-08 22:25;2025-01-08 23:40;2025-01-08 23:35;A320;150;On Time;0
FLT00127;HF111;R011;2025-01-08;2025-01-08 06:45;2025-01-08 06:45;2025-01-08 08:55;2025-01-08 08:50;A320neo;165;On Time;0
FLT00128;HF112;R012;2025-01-08;2025-01-08 13:15;2025-01-08 13:10;2025-01-08 14:50;2025-01-08 14:45;A319;122;On Time;0
FLT00129;HF101;R001;2025-01-09;2025-01-09 10:45;2025-01-09 10:45;2025-01-09 11:35;2025-01-09 11:30;A320neo;165;Delayed;0
FLT00130;HF102;R002;2025-01-09;2025-01-09 10:30;2025-01-09 10:30;2025-01-09 11:35;2025-01-09 11:30;A320;150;On Time;0
FLT00131;HF103;R003;2025-01-09;2025-01-09 19:45;2025-01-09 19:45;2025-01-09 20:55;2025-01-09 20:50;A320neo;165;On Time;0
FLT00132;HF104;R004;2025-01-09;2025-01-09 06:15;2025-01-09 06:20;2025-01-09 07:25;2025-01-09 07:25;A319;122;On Time;5
FLT00133;HF104;R004;2025-01-09;2025-01-09 22:15;2025-01-09 22:15;2025-01-09 23:25;2025-01-09 23:20;A320;150;On Time;0
FLT00134;HF105;R005;2025-01-09;2025-01-09 10:15;2025-01-09 10:20;2025-01-09 12:25;2025-01-09 12:25;A320neo;165;On Time;5
FLT00135;HF105;R005;2025-01-09;2025-01-09 10:45;2025-01-09 10:45;2025-01-09 12:55;2025-01-09 12:50;A320neo;165;On Time;0
FLT00136;HF106;R006;2025-01-09;2025-01-09 22:15;2025-01-09 22:10;2025-01-09 23:50;2025-01-09 23:45;A319;122;On Time;0
FLT00137;HF106;R006;2025-01-09;2025-01-09 22:15;2025-01-09 22:20;2025-01-09 23:50;2025-01-09 23:50;A319;122;On Time;5
FLT00138;HF107;R007;2025-01-09;2025-01-09 16:30;2025-01-09 16:30;2025-01-09 17:55;2025-01-09 17:50;A320neo;165;Delayed;0
FLT00139;HF108;R008;2025-01-09;2025-01-09 16:45;2025-01-09 16:50;2025-01-09 18:25;2025-01-09 18:25;A320;150;On Time;5
FLT00140;HF109;R009;2025-01-09;2025-01-09 06:30;2025-01-09 06:30;2025-01-09 13:00;2025-01-09 12:55;A330-900neo;242;On Time;0
FLT00141;HF109;R009;2025-01-09;2025-01-09 10:30;2025-01-09 10:35;2025-01-09 17:00;2025-01-09 17:00;A330-900neo;242;On Time;5
FLT00142;HF110;R010;2025-01-09;2025-01-09 16:00;2025-01-09 17:00;2025-01-09 17:10;2025-01-09 18:05;A320;150;Delayed;60
FLT00143;HF111;R011;2025-01-09;2025-01-09 10:00;2025-01-09 09:55;2025-01-09 12:10;2025-01-09 12:05;A320neo;165;On Time;0
FLT00144;HF112;R012;2025-01-09;2025-01-09 16:45;2025-01-09 16:45;2025-01-09 18:20;2025-01-09 18:15;A320neo;165;On Time;0
FLT00145;HF101;R001;2025-01-10;2025-01-10 19:45;2025-01-10 19:50;2025-01-10 20:35;2025-01-10 20:35;A320;150;On Time;5
FLT00146;HF102;R002;2025-01-10;2025-01-10 08:00;;2025-01-10 09:05;;A320;150;Cancelled;
FLT00147;HF103;R003;2025-01-10;2025-01-10 08:15;2025-01-10 08:10;2025-01-10 09:25;2025-01-10 09:20;A320neo;165;On Time;0
FLT00148;HF104;R004;2025-01-10;2025-01-10 13:15;2025-01-10 13:30;2025-01-10 14:25;2025-01-10 14:35;A320neo;165;Delayed;15
FLT00149;HF104;R004;2025-01-10;2025-01-10 19:15;2025-01-10 19:10;2025-01-10 20:25;2025-01-10 20:20;A320neo;165;On Time;0
FLT00150;HF105;R005;2025-01-10;2025-01-10 13:45;2025-01-10 13:50;2025-01-10 15:55;2025-01-10 15:55;A320neo;165;On Time;5
FLT00151;HF105;R005;2025-01-10;2025-01-10 13:30;2025-01-10 13:30;2025-01-10 15:40;2025-01-10 15:35;A320;150;On Time;0
FLT00152;HF106;R006;2025-01-10;2025-01-10 08:45;2025-01-10 09:15;2025-01-10 10:20;2025-01-10 10:45;A320neo;165;Delayed;30
FLT00153;HF106;R006;2025-01-10;2025-01-10 08:15;2025-01-10 08:15;2025-01-10 09:50;2025-01-10 09:45;A319;122;On Time;0
FLT00154;HF107;R007;2025-01-10;2025-01-10 10:15;2025-01-10 10:15;2025-01-10 11:40;2025-01-10 11:35;A319;122;On Time;0
FLT00155;HF108;R008;2025-01-10;2025-01-10 13:30;;2025-01-10 15:10;;A319;122;Cancelled;
FLT00156;HF109;R009;2025-01-10;2025-01-10 10:30;2025-01-10 11:30;2025-01-10 17:00;2025-01-10 17:55;A330-900neo;242;Delayed;60
FLT00157;HF109;R009;2025-01-10;2025-01-10 08:30;2025-01-10 09:15;2025-01-10 15:00;2025-01-10 15:40;A330-900neo;242;Delayed;45
FLT00158;HF110;R010;2025-01-10;2025-01-10 06:30;2025-01-10 06:35;2025-01-10 07:40;2025-01-10 07:40;A320;150;On Time;5
FLT00159;HF111;R011;2025-01-10;2025-01-10 22:45;2025-01-10 22:50;2025-01-11 00:55;2025-01-11 00:55;A319;122;On Time;5
FLT00160;HF112;R012;2025-01-10;2025-01-10 16:45;2025-01-10 16:40;2025-01-10 18:20;2025-01-10 18:15;A320;150;On Time;0
FLT00161;HF101;R001;2025-01-11;2025-01-11 08:30;2025-01-11 09:15;2025-01-11 09:20;2025-01-11 10:00;A320;150;Delayed;45
FLT00162;HF102;R002;2025-01-11;2025-01-11 22:00;2025-01-11 22:05;2025-01-11 23:05;2025-01-11 23:05;A320;150;On Time;5
FLT00163;HF103;R003;2025-01-11;2025-01-11 16:30;2025-01-11 16:45;2025-01-11 17:40;2025-01-11 17:50;A319;122;Delayed;15
FLT00164;HF104;R004;2025-01-11;2025-01-11 13:00;2025-01-11 13:00;2025-01-11 14:10;2025-01-11 14:05;A320neo;165;On Time;0
FLT00165;HF104;R004;2025-01-11;2025-01-11 10:30;2025-01-11 10:25;2025-01-11 11:40;2025-01-11 11:35;A319;122;On Time;0
FLT00166;HF105;R005;2025-01-11;2025-01-11 16:00;2025-01-11 16:45;2025-01-11 18:10;2025-01-11 18:50;A320neo;165;Delayed;45
FLT00167;HF105;R005;2025-01-11;2025-01-11 22:00;2025-01-11 22:05;2025-01-12 00:10;2025-01-12 00:10;A319;122;Delayed;5
FLT00168;HF106;R006;2025-01-11;2025-01-11 19:00;2025-01-11 19:30;2025-01-11 20:35;2025-01-11 21:00;A320;150;Delayed;30
FLT00169;HF106;R006;2025-01-11;2025-01-11 13:45;2025-01-11 13:45;2025-01-11 15:20;2025-01-11 15:15;A320;150;On Time;0
FLT00170;HF107;R007;2025-01-11;2025-01-11 22:15;2025-01-11 23:00;2025-01-11 23:40;2025-01-12 00:20;A319;122;Delayed;45
FLT00171;HF108;R008;2025-01-11;2025-01-11 19:30;2025-01-11 19:25;2025-01-11 21:10;2025-01-11 21:05;A320;150;On Time;0
FLT00172;HF109;R009;2025-01-11;2025-01-11 13:00;2025-01-11 13:00;2025-01-11 19:30;2025-01-11 19:25;A330-900neo;242;On Time;0
FLT00173;HF109;R009;2025-01-11;2025-01-11 16:45;2025-01-11 16:45;2025-01-11 23:15;2025-01-11 23:10;A330-900neo;242;On Time;0
FLT00174;HF110;R010;2025-01-11;2025-01-11 22:15;2025-01-11 22:15;2025-01-11 23:25;2025-01-11 23:20;A320neo;165;On Time;0
FLT00175;HF111;R011;2025-01-11;2025-01-11 16:00;2025-01-11 16:45;2025-01-11 18:10;2025-01-11 18:50;A319;122;Delayed;45
FLT00176;HF112;R012;2025-01-11;2025-01-11 10:15;2025-01-11 10:20;2025-01-11 11:50;2025-01-11 11:50;A320neo;165;On Time;5
FLT00177;HF101;R001;2025-01-12;2025-01-12 16:30;2025-01-12 16:45;2025-01-12 17:20;2025-01-12 17:30;A320neo;165;Delayed;15
FLT00178;HF102;R002;2025-01-12;2025-01-12 16:15;2025-01-12 16:15;2025-01-12 17:20;2025-01-12 17:15;A320;150;Delayed;0
FLT00179;HF103;R003;2025-01-12;2025-01-12 10:00;2025-01-12 09:55;2025-01-12 11:10;2025-01-12 11:05;A320neo;165;On Time;0
FLT00180;HF104;R004;2025-01-12;2025-01-12 06:30;2025-01-12 06:30;2025-01-12 07:40;2025-01-12 07:35;A320;150;On Time;0
FLT00181;HF104;R004;2025-01-12;2025-01-12 13:30;2025-01-12 13:25;2025-01-12 14:40;2025-01-12 14:35;A320;150;On Time;0
FLT00182;HF105;R005;2025-01-12;2025-01-12 06:45;2025-01-12 06:45;2025-01-12 08:55;2025-01-12 08:50;A319;122;On Time;0
FLT00183;HF105;R005;2025-01-12;2025-01-12 19:30;;2025-01-12 21:40;;A320neo;165;Cancelled;
FLT00184;HF106;R006;2025-01-12;2025-01-12 16:15;2025-01-12 16:15;2025-01-12 17:50;2025-01-12 17:45;A319;122;On Time;0
FLT00185;HF106;R006;2025-01-12;2025-01-12 22:00;2025-01-12 21:55;2025-01-12 23:35;2025-01-12 23:30;A319;122;On Time;0
FLT00186;HF107;R007;2025-01-12;2025-01-12 22:30;2025-01-12 22:30;2025-01-12 23:55;2025-01-12 23:50;A319;122;On Time;0
FLT00187;HF108;R008;2025-01-12;2025-01-12 19:00;2025-01-12 19:05;2025-01-12 20:40;2025-01-12 20:40;A320;150;On Time;5
FLT00188;HF109;R009;2025-01-12;2025-01-12 16:45;2025-01-12 16:40;2025-01-12 23:15;2025-01-12 23:10;A330-900neo;242;On Time;0
FLT00189;HF109;R009;2025-01-12;2025-01-12 22:30;;2025-01-13 05:00;;A330-900neo;242;Cancelled;
FLT00190;HF110;R010;2025-01-12;2025-01-12 10:30;2025-01-12 10:30;2025-01-12 11:40;2025-01-12 11:35;A320;150;On Time;0
FLT00191;HF111;R011;2025-01-12;2025-01-12 13:45;;2025-01-12 15:55;;A320neo;165;Cancelled;
FLT00192;HF112;R012;2025-01-12;2025-01-12 16:45;2025-01-12 16:45;2025-01-12 18:20;2025-01-12 18:15;A320neo;165;On Time;0
FLT00193;HF101;R001;2025-01-13;2025-01-13 06:45;2025-01-13 06:40;2025-01-13 07:35;2025-01-13 07:30;A319;122;On Time;0
FLT00194;HF102;R002;2025-01-13;2025-01-13 19:00;2025-01-13 19:00;2025-01-13 20:05;2025-01-13 20:00;A319;122;On Time;0
FLT00195;HF103;R003;2025-01-13;2025-01-13 22:30;2025-01-13 22:30;2025-01-13 23:40;2025-01-13 23:35;A320neo;165;On Time;0
FLT00196;HF104;R004;2025-01-13;2025-01-13 19:00;2025-01-13 19:00;2025-01-13 20:10;2025-01-13 20:05;A320neo;165;Delayed;0
FLT00197;HF104;R004;2025-01-13;2025-01-13 06:30;2025-01-13 06:30;2025-01-13 07:40;2025-01-13 07:35;A319;122;On Time;0
FLT00198;HF105;R005;2025-01-13;2025-01-13 16:30;2025-01-13 16:30;2025-01-13 18:40;2025-01-13 18:35;A320neo;165;On Time;0
FLT00199;HF105;R005;2025-01-13;2025-01-13 10:30;2025-01-13 10:30;2025-01-13 12:40;2025-01-13 12:35;A320neo;165;On Time;0
FLT00200;HF106;R006;2025-01-13;2025-01-13 19:30;2025-01-13 19:35;2025-01-13 21:05;2025-01-13 21:05;A319;122;On Time;5
FLT00201;HF106;R006;2025-01-13;2025-01-13 22:00;2025-01-13 22:00;2025-01-13 23:35;2025-01-13 23:30;A319;122;On Time;0
FLT00202;HF107;R007;2025-01-13;2025-01-13 22:45;2025-01-13 22:45;2025-01-14 00:10;2025-01-14 00:05;A319;122;On Time;0
FLT00203;HF108;R008;2025-01-13;2025-01-13 22:30;2025-01-13 22:25;2025-01-14 00:10;2025-01-14 00:05;A319;122;On Time;0
FLT00204;HF109;R009;2025-01-13;2025-01-13 16:30;2025-01-13 16:30;2025-01-13 23:00;2025-01-13 22:55;A330-900neo;242;On Time;0
FLT00205;HF109;R009;2025-01-13;2025-01-13 10:30;2025-01-13 10:30;2025-01-13 17:00;2025-01-13 16:55;A330-900neo;242;On Time;0
FLT00206;HF110;R010;2025-01-13;2025-01-13 19:30;2025-01-13 20:15;2025-01-13 20:40;2025-01-13 21:20;A320neo;165;Delayed;45
FLT00207;HF111;R011;2025-01-13;2025-01-13 22:45;2025-01-13 22:45;2025-01-14 00:55;2025-01-14 00:50;A320;150;On Time;0
FLT00208;HF112;R012;2025-01-13;2025-01-13 08:00;2025-01-13 08:05;2025-01-13 09:35;2025-01-13 09:35;A320neo;165;On Time;5
FLT00209;HF101;R001;2025-01-14;2025-01-14 06:00;2025-01-14 07:00;2025-01-14 06:50;2025-01-14 07:45;A319;122;Delayed;60
FLT00210;HF102;R002;2025-01-14;2025-01-14 22:00;2025-01-14 21:55;2025-01-14 23:05;2025-01-14 23:00;A320neo;165;On Time;0
FLT00211;HF103;R003;2025-01-14;2025-01-14 22:30;2025-01-14 22:35;2025-01-14 23:40;2025-01-14 23:40;A320neo;165;On Time;5
FLT00212;HF104;R004;2025-01-14;2025-01-14 13:15;2025-01-14 13:15;2025-01-14 14:25;2025-01-14 14:20;A319;122;On Time;0
FLT00213;HF104;R004;2025-01-14;2025-01-14 13:00;2025-01-14 13:00;2025-01-14 14:10;2025-01-14 14:05;A319;122;On Time;0
FLT00214;HF105;R005;2025-01-14;2025-01-14 13:45;2025-01-14 13:50;2025-01-14 15:55;2025-01-14 15:55;A320neo;165;On Time;5
FLT00215;HF105;R005;2025-01-14;2025-01-14 22:00;2025-01-14 21:55;2025-01-15 00:10;2025-01-15 00:05;A320neo;165;On Time;0
FLT00216;HF106;R006;2025-01-14;2025-01-14 22:45;2025-01-14 22:45;2025-01-15 00:20;2025-01-15 00:15;A320neo;165;On Time;0
FLT00217;HF106;R006;2025-01-14;2025-01-14 19:45;2025-01-14 19:45;2025-01-14 21:20;2025-01-14 21:15;A320;150;On Time;0
FLT00218;HF107;R007;2025-01-14;2025-01-14 06:45;2025-01-14 06:45;2025-01-14 08:10;2025-01-14 08:05;A319;122;On Time;0
FLT00219;HF108;R008;2025-01-14;2025-01-14 22:15;2025-01-14 22:15;2025-01-14 23:55;2025-01-14 23:50;A320neo;165;On Time;0
FLT00220;HF109;R009;2025-01-14;2025-01-14 19:00;2025-01-14 19:00;2025-01-15 01:30;2025-01-15 01:25;A330-900neo;242;On Time;0
FLT00221;HF109;R009;2025-01-14;2025-01-14 22:00;2025-01-14 21:55;2025-01-15 04:30;2025-01-15 04:25;A330-900neo;242;On Time;0
FLT00222;HF110;R010;2025-01-14;2025-01-14 13:15;2025-01-14 13:15;2025-01-14 14:25;2025-01-14 14:20;A319;122;Delayed;0
FLT00223;HF111;R011;2025-01-14;2025-01-14 16:45;2025-01-14 16:50;2025-01-14 18:55;2025-01-14 18:55;A319;122;On Time;5
FLT00224;HF112;R012;2025-01-14;2025-01-14 06:45;2025-01-14 06:45;2025-01-14 08:20;2025-01-14 08:15;A319;122;Delayed;0
FLT00225;HF101;R001;2025-01-15;2025-01-15 08:15;2025-01-15 08:45;2025-01-15 09:05;2025-01-15 09:30;A319;122;Delayed;30
FLT00226;HF102;R002;2025-01-15;2025-01-15 06:45;2025-01-15 06:45;2025-01-15 07:50;2025-01-15 07:45;A319;122;Delayed;0
FLT00227;HF103;R003;2025-01-15;2025-01-15 22:00;2025-01-15 21:55;2025-01-15 23:10;2025-01-15 23:05;A319;122;On Time;0
FLT00228;HF104;R004;2025-01-15;2025-01-15 19:00;2025-01-15 19:00;2025-01-15 20:10;2025-01-15 20:05;A320neo;165;On Time;0
FLT00229;HF104;R004;2025-01-15;2025-01-15 13:45;2025-01-15 13:45;2025-01-15 14:55;2025-01-15 14:50;A320neo;165;On Time;0
FLT00230;HF105;R005;2025-01-15;2025-01-15 06:15;2025-01-15 06:25;2025-01-15 08:25;2025-01-15 08:30;A320;150;Delayed;10
FLT00231;HF105;R005;2025-01-15;2025-01-15 06:15;2025-01-15 06:10;2025-01-15 08:25;2025-01-15 08:20;A319;122;On Time;0
FLT00232;HF106;R006;2025-01-15;2025-01-15 16:30;2025-01-15 16:30;2025-01-15 18:05;2025-01-15 18:00;A319;122;On Time;0
FLT00233;HF106;R006;2025-01-15;2025-01-15 22:00;2025-01-15 22:00;2025-01-15 23:35;2025-01-15 23:30;A320;150;On Time;0
FLT00234;HF107;R007;2025-01-15;2025-01-15 10:30;2025-01-15 10:30;2025-01-15 11:55;2025-01-15 11:50;A320neo;165;On Time;0
FLT00235;HF108;R008;2025-01-15;2025-01-15 22:15;2025-01-15 22:10;2025-01-15 23:55;2025-01-15 23:50;A319;122;On Time;0
FLT00236;HF109;R009;2025-01-15;2025-01-15 06:15;2025-01-15 06:20;2025-01-15 12:45;2025-01-15 12:45;A330-900neo;242;On Time;5
FLT00237;HF109;R009;2025-01-15;2025-01-15 13:15;2025-01-15 13:15;2025-01-15 19:45;2025-01-15 19:40;A330-900neo;242;Delayed;0
FLT00238;HF110;R010;2025-01-15;2025-01-15 06:00;2025-01-15 06:05;2025-01-15 07:10;2025-01-15 07:10;A319;122;Delayed;5
FLT00239;HF111;R011;2025-01-15;2025-01-15 22:45;2025-01-15 22:50;2025-01-16 00:55;2025-01-16 00:55;A319;122;Delayed;5
FLT00240;HF112;R012;2025-01-15;2025-01-15 16:30;2025-01-15 16:30;2025-01-15 18:05;2025-01-15 18:00;A320neo;165;On Time;0
FLT00241;HF101;R001;2025-01-16;2025-01-16 10:30;2025-01-16 11:00;2025-01-16 11:20;2025-01-16 11:45;A319;122;Delayed;30
FLT00242;HF102;R002;2025-01-16;2025-01-16 13:00;2025-01-16 13:05;2025-01-16 14:05;2025-01-16 14:05;A319;122;On Time;5
FLT00243;HF103;R003;2025-01-16;2025-01-16 22:30;2025-01-16 22:25;2025-01-16 23:40;2025-01-16 23:35;A319;122;On Time;0
FLT00244;HF104;R004;2025-01-16;2025-01-16 13:00;2025-01-16 13:00;2025-01-16 14:10;2025-01-16 14:05;A320neo;165;On Time;0
FLT00245;HF104;R004;2025-01-16;2025-01-16 22:30;2025-01-16 22:30;2025-01-16 23:40;2025-01-16 23:35;A319;122;On Time;0
FLT00246;HF105;R005;2025-01-16;2025-01-16 22:00;2025-01-16 21:55;2025-01-17 00:10;2025-01-17 00:05;A319;122;On Time;0
FLT00247;HF105;R005;2025-01-16;2025-01-16 22:30;2025-01-16 22:30;2025-01-17 00:40;2025-01-17 00:35;A320;150;On Time;0
FLT00248;HF106;R006;2025-01-16;2025-01-16 06:00;;2025-01-16 07:35;;A319;122;Cancelled;
FLT00249;HF106;R006;2025-01-16;2025-01-16 08:00;2025-01-16 08:00;2025-01-16 09:35;2025-01-16 09:30;A320neo;165;On Time;0
FLT00250;HF107;R007;2025-01-16;2025-01-16 13:00;2025-01-16 13:00;2025-01-16 14:25;2025-01-16 14:20;A319;122;On Time;0
FLT00251;HF108;R008;2025-01-16;2025-01-16 22:00;2025-01-16 22:00;2025-01-16 23:40;2025-01-16 23:35;A320;150;Delayed;0
FLT00252;HF109;R009;2025-01-16;2025-01-16 08:45;2025-01-16 08:45;2025-01-16 15:15;2025-01-16 15:10;A330-900neo;242;On Time;0
FLT00253;HF109;R009;2025-01-16;2025-01-16 19:30;2025-01-16 19:40;2025-01-17 02:00;2025-01-17 02:05;A330-900neo;242;Delayed;10
FLT00254;HF110;R010;2025-01-16;2025-01-16 10:30;;2025-01-16 11:40;;A319;122;Cancelled;
FLT00255;HF111;R011;2025-01-16;2025-01-16 19:15;2025-01-16 19:15;2025-01-16 21:25;2025-01-16 21:20;A320neo;165;On Time;0
FLT00256;HF112;R012;2025-01-16;2025-01-16 19:00;2025-01-16 19:05;2025-01-16 20:35;2025-01-16 20:35;A320neo;165;On Time;5
FLT00257;HF101;R001;2025-01-17;2025-01-17 10:00;2025-01-17 09:55;2025-01-17 10:50;2025-01-17 10:45;A319;122;On Time;0
FLT00258;HF102;R002;2025-01-17;2025-01-17 06:30;2025-01-17 06:25;2025-01-17 07:35;2025-01-17 07:30;A320neo;165;On Time;0
FLT00259;HF103;R003;2025-01-17;2025-01-17 19:45;2025-01-17 19:45;2025-01-17 20:55;2025-01-17 20:50;A320neo;165;On Time;0
FLT00260;HF104;R004;2025-01-17;2025-01-17 22:45;2025-01-17 22:45;2025-01-17 23:55;2025-01-17 23:50;A319;122;On Time;0
FLT00261;HF104;R004;2025-01-17;2025-01-17 10:45;2025-01-17 10:45;2025-01-17 11:55;2025-01-17 11:50;A320neo;165;On Time;0
FLT00262;HF105;R005;2025-01-17;2025-01-17 13:00;2025-01-17 13:30;2025-01-17 15:10;2025-01-17 15:35;A320;150;Delayed;30
FLT00263;HF105;R005;2025-01-17;2025-01-17 10:15;2025-01-17 10:10;2025-01-17 12:25;2025-01-17 12:20;A319;122;On Time;0
FLT00264;HF106;R006;2025-01-17;2025-01-17 22:15;2025-01-17 22:45;2025-01-17 23:50;2025-01-18 00:15;A320neo;165;Delayed;30
FLT00265;HF106;R006;2025-01-17;2025-01-17 10:00;2025-01-17 10:00;2025-01-17 11:35;2025-01-17 11:30;A319;122;Delayed;0
FLT00266;HF107;R007;2025-01-17;2025-01-17 08:30;2025-01-17 08:25;2025-01-17 09:55;2025-01-17 09:50;A319;122;On Time;0
FLT00267;HF108;R008;2025-01-17;2025-01-17 08:45;2025-01-17 08:50;2025-01-17 10:25;2025-01-17 10:25;A319;122;On Time;5
FLT00268;HF109;R009;2025-01-17;2025-01-17 10:00;2025-01-17 10:00;2025-01-17 16:30;2025-01-17 16:25;A330-900neo;242;On Time;0
FLT00269;HF109;R009;2025-01-17;2025-01-17 06:00;2025-01-17 06:00;2025-01-17 12:30;2025-01-17 12:25;A330-900neo;242;On Time;0
FLT00270;HF110;R010;2025-01-17;2025-01-17 22:15;2025-01-17 22:45;2025-01-17 23:25;2025-01-17 23:50;A320;150;Delayed;30
FLT00271;HF111;R011;2025-01-17;2025-01-17 16:15;2025-01-17 16:15;2025-01-17 18:25;2025-01-17 18:20;A320neo;165;On Time;0
FLT00272;HF112;R012;2025-01-17;2025-01-17 10:30;2025-01-17 10:25;2025-01-17 12:05;2025-01-17 12:00;A320neo;165;On Time;0
FLT00273;HF101;R001;2025-01-18;2025-01-18 22:15;2025-01-18 22:30;2025-01-18 23:05;2025-01-18 23:15;A319;122;Delayed;15
FLT00274;HF102;R002;2025-01-18;2025-01-18 22:45;2025-01-18 22:55;2025-01-18 23:50;2025-01-18 23:55;A319;122;Delayed;10
FLT00275;HF103;R003;2025-01-18;2025-01-18 19:15;2025-01-18 19:45;2025-01-18 20:25;2025-01-18 20:50;A320;150;Delayed;30
FLT00276;HF104;R004;2025-01-18;2025-01-18 08:45;2025-01-18 08:40;2025-01-18 09:55;2025-01-18 09:50;A319;122;On Time;0
FLT00277;HF104;R004;2025-01-18;2025-01-18 06:45;2025-01-18 07:00;2025-01-18 07:55;2025-01-18 08:05;A319;122;Delayed;15
FLT00278;HF105;R005;2025-01-18;2025-01-18 06:45;2025-01-18 06:40;2025-01-18 08:55;2025-01-18 08:50;A319;122;On Time;0
FLT00279;HF105;R005;2025-01-18;2025-01-18 13:45;2025-01-18 13:50;2025-01-18 15:55;2025-01-18 15:55;A319;122;On Time;5
FLT00280;HF106;R006;2025-01-18;2025-01-18 13:15;2025-01-18 14:15;2025-01-18 14:50;2025-01-18 15:45;A320;150;Delayed;60
FLT00281;HF106;R006;2025-01-18;2025-01-18 06:00;2025-01-18 06:00;2025-01-18 07:35;2025-01-18 07:30;A320;150;On Time;0
FLT00282;HF107;R007;2025-01-18;2025-01-18 13:45;2025-01-18 13:40;2025-01-18 15:10;2025-01-18 15:05;A320;150;On Time;0
FLT00283;HF108;R008;2025-01-18;2025-01-18 06:15;2025-01-18 06:20;2025-01-18 07:55;2025-01-18 07:55;A319;122;On Time;5
FLT00284;HF109;R009;2025-01-18;2025-01-18 06:00;2025-01-18 06:00;2025-01-18 12:30;2025-01-18 12:25;A330-900neo;242;Delayed;0
FLT00285;HF109;R009;2025-01-18;2025-01-18 08:15;2025-01-18 08:15;2025-01-18 14:45;2025-01-18 14:40;A330-900neo;242;On Time;0
FLT00286;HF110;R010;2025-01-18;2025-01-18 08:00;2025-01-18 08:05;2025-01-18 09:10;2025-01-18 09:10;A320;150;On Time;5
FLT00287;HF111;R011;2025-01-18;2025-01-18 13:15;2025-01-18 13:15;2025-01-18 15:25;2025-01-18 15:20;A320;150;On Time;0
FLT00288;HF112;R012;2025-01-18;2025-01-18 06:15;2025-01-18 06:10;2025-01-18 07:50;2025-01-18 07:45;A320;150;On Time;0
FLT00289;HF101;R001;2025-01-19;2025-01-19 06:45;2025-01-19 06:40;2025-01-19 07:35;2025-01-19 07:30;A319;122;On Time;0
FLT00290;HF102;R002;2025-01-19;2025-01-19 19:00;2025-01-19 18:55;2025-01-19 20:05;2025-01-19 20:00;A320neo;165;On Time;0
FLT00291;HF103;R003;2025-01-19;2025-01-19 16:15;2025-01-19 16:20;2025-01-19 17:25;2025-01-19 17:25;A320neo;165;Delayed;5
FLT00292;HF104;R004;2025-01-19;2025-01-19 19:30;2025-01-19 19:25;2025-01-19 20:40;2025-01-19 20:35;A320;150;On Time;0
FLT00293;HF104;R004;2025-01-19;2025-01-19 22:30;2025-01-19 22:30;2025-01-19 23:40;2025-01-19 23:35;A320neo;165;On Time;0
FLT00294;HF105;R005;2025-01-19;2025-01-19 19:15;2025-01-19 19:10;2025-01-19 21:25;2025-01-19 21:20;A320;150;On Time;0
FLT00295;HF105;R005;2025-01-19;2025-01-19 13:15;2025-01-19 14:15;2025-01-19 15:25;2025-01-19 16:20;A320;150;Delayed;60
FLT00296;HF106;R006;2025-01-19;2025-01-19 08:15;2025-01-19 08:15;2025-01-19 09:50;2025-01-19 09:45;A320;150;On Time;0
FLT00297;HF106;R006;2025-01-19;2025-01-19 06:45;2025-01-19 06:40;2025-01-19 08:20;2025-01-19 08:15;A319;122;On Time;0
FLT00298;HF107;R007;2025-01-19;2025-01-19 10:45;2025-01-19 10:45;2025-01-19 12:10;2025-01-19 12:05;A320;150;On Time;0
FLT00299;HF108;R008;2025-01-19;2025-01-19 16:45;2025-01-19 16:45;2025-01-19 18:25;2025-01-19 18:20;A319;122;On Time;0
FLT00300;HF109;R009;2025-01-19;2025-01-19 08:45;2025-01-19 08:50;2025-01-19 15:15;2025-01-19 15:15;A330-900neo;242;On Time;5
FLT00301;HF109;R009;2025-01-19;2025-01-19 10:15;;2025-01-19 16:45;;A330-900neo;242;Cancelled;
FLT00302;HF110;R010;2025-01-19;2025-01-19 22:30;2025-01-19 22:30;2025-01-19 23:40;2025-01-19 23:35;A319;122;On Time;0
FLT00303;HF111;R011;2025-01-19;2025-01-19 13:00;2025-01-19 13:00;2025-01-19 15:10;2025-01-19 15:05;A319;122;On Time;0
FLT00304;HF112;R012;2025-01-19;2025-01-19 22:00;2025-01-19 22:05;2025-01-19 23:35;2025-01-19 23:35;A320;150;On Time;5
FLT00305;HF101;R001;2025-01-20;2025-01-20 13:45;2025-01-20 13:40;2025-01-20 14:35;2025-01-20 14:30;A319;122;On Time;0
FLT00306;HF102;R002;2025-01-20;2025-01-20 10:45;2025-01-20 10:45;2025-01-20 11:50;2025-01-20 11:45;A319;122;On Time;0
FLT00307;HF103;R003;2025-01-20;2025-01-20 16:30;2025-01-20 16:35;2025-01-20 17:40;2025-01-20 17:40;A319;122;Delayed;5
FLT00308;HF104;R004;2025-01-20;2025-01-20 08:45;2025-01-20 08:50;2025-01-20 09:55;2025-01-20 09:55;A320neo;165;On Time;5
FLT00309;HF104;R004;2025-01-20;2025-01-20 22:45;2025-01-20 22:45;2025-01-20 23:55;2025-01-20 23:50;A320neo;165;On Time;0
FLT00310;HF105;R005;2025-01-20;2025-01-20 22:15;;2025-01-21 00:25;;A320;150;Cancelled;
FLT00311;HF105;R005;2025-01-20;2025-01-20 19:45;2025-01-20 19:40;2025-01-20 21:55;2025-01-20 21:50;A320;150;On Time;0
FLT00312;HF106;R006;2025-01-20;2025-01-20 06:30;2025-01-20 06:30;2025-01-20 08:05;2025-01-20 08:00;A319;122;On Time;0
FLT00313;HF106;R006;2025-01-20;2025-01-20 13:00;2025-01-20 12:55;2025-01-20 14:35;2025-01-20 14:30;A320;150;On Time;0
FLT00314;HF107;R007;2025-01-20;2025-01-20 13:15;2025-01-20 13:15;2025-01-20 14:40;2025-01-20 14:35;A320neo;165;On Time;0
FLT00315;HF108;R008;2025-01-20;2025-01-20 16:15;2025-01-20 16:15;2025-01-20 17:55;2025-01-20 17:50;A320neo;165;On Time;0
FLT00316;HF109;R009;2025-01-20;2025-01-20 16:45;2025-01-20 16:45;2025-01-20 23:15;2025-01-20 23:10;A330-900neo;242;On Time;0
FLT00317;HF109;R009;2025-01-20;2025-01-20 19:15;2025-01-20 19:15;2025-01-21 01:45;2025-01-21 01:40;A330-900neo;242;On Time;0
FLT00318;HF110;R010;2025-01-20;2025-01-20 19:00;2025-01-20 20:00;2025-01-20 20:10;2025-01-20 21:05;A319;122;Delayed;60
FLT00319;HF111;R011;2025-01-20;2025-01-20 08:30;2025-01-20 09:30;2025-01-20 10:40;2025-01-20 11:35;A319;122;Delayed;60
FLT00320;HF112;R012;2025-01-20;2025-01-20 13:30;2025-01-20 13:30;2025-01-20 15:05;2025-01-20 15:00;A320neo;165;On Time;0
FLT00321;HF101;R001;2025-01-21;2025-01-21 13:30;2025-01-21 14:15;2025-01-21 14:20;2025-01-21 15:00;A319;122;Delayed;45
FLT00322;HF102;R002;2025-01-21;2025-01-21 06:15;2025-01-21 06:15;2025-01-21 07:20;2025-01-21 07:15;A320;150;On Time;0
FLT00323;HF103;R003;2025-01-21;2025-01-21 19:15;2025-01-21 19:15;2025-01-21 20:25;2025-01-21 20:20;A320neo;165;On Time;0
FLT00324;HF104;R004;2025-01-21;2025-01-21 13:45;2025-01-21 13:55;2025-01-21 14:55;2025-01-21 15:00;A319;122;Delayed;10
FLT00325;HF104;R004;2025-01-21;2025-01-21 19:15;2025-01-21 19:15;2025-01-21 20:25;2025-01-21 20:20;A319;122;Delayed;0
FLT00326;HF105;R005;2025-01-21;2025-01-21 16:15;2025-01-21 17:00;2025-01-21 18:25;2025-01-21 19:05;A320neo;165;Delayed;45
FLT00327;HF105;R005;2025-01-21;2025-01-21 19:00;2025-01-21 19:00;2025-01-21 21:10;2025-01-21 21:05;A320;150;On Time;0
FLT00328;HF106;R006;2025-01-21;2025-01-21 16:30;2025-01-21 16:30;2025-01-21 18:05;2025-01-21 18:00;A320;150;On Time;0
FLT00329;HF106;R006;2025-01-21;2025-01-21 08:45;2025-01-21 08:45;2025-01-21 10:20;2025-01-21 10:15;A320neo;165;On Time;0
FLT00330;HF107;R007;2025-01-21;2025-01-21 13:30;2025-01-21 13:30;2025-01-21 14:55;2025-01-21 14:50;A320neo;165;On Time;0
FLT00331;HF108;R008;2025-01-21;2025-01-21 22:15;2025-01-21 22:15;2025-01-21 23:55;2025-01-21 23:50;A320neo;165;On Time;0
FLT00332;HF109;R009;2025-01-21;2025-01-21 10:30;2025-01-21 10:30;2025-01-21 17:00;2025-01-21 16:55;A330-900neo;242;On Time;0
FLT00333;HF109;R009;2025-01-21;2025-01-21 22:00;2025-01-21 21:55;2025-01-22 04:30;2025-01-22 04:25;A330-900neo;242;On Time;0
FLT00334;HF110;R010;2025-01-21;2025-01-21 08:00;2025-01-21 08:00;2025-01-21 09:10;2025-01-21 09:05;A320;150;On Time;0
FLT00335;HF111;R011;2025-01-21;2025-01-21 06:00;2025-01-21 06:00;2025-01-21 08:10;2025-01-21 08:05;A319;122;Delayed;0
FLT00336;HF112;R012;2025-01-21;2025-01-21 19:15;2025-01-21 19:15;2025-01-21 20:50;2025-01-21 20:45;A319;122;On Time;0
FLT00337;HF101;R001;2025-01-22;2025-01-22 10:15;2025-01-22 10:10;2025-01-22 11:05;2025-01-22 11:00;A319;122;On Time;0
FLT00338;HF102;R002;2025-01-22;2025-01-22 06:15;2025-01-22 06:10;2025-01-22 07:20;2025-01-22 07:15;A320;150;On Time;0
FLT00339;HF103;R003;2025-01-22;2025-01-22 16:30;2025-01-22 16:35;2025-01-22 17:40;2025-01-22 17:40;A320;150;On Time;5
FLT00340;HF104;R004;2025-01-22;2025-01-22 22:30;2025-01-22 22:30;2025-01-22 23:40;2025-01-22 23:35;A319;122;On Time;0
FLT00341;HF104;R004;2025-01-22;2025-01-22 08:30;2025-01-22 08:25;2025-01-22 09:40;2025-01-22 09:35;A320neo;165;On Time;0
FLT00342;HF105;R005;2025-01-22;2025-01-22 19:30;2025-01-22 19:30;2025-01-22 21:40;2025-01-22 21:35;A320neo;165;On Time;0
FLT00343;HF105;R005;2025-01-22;2025-01-22 10:45;2025-01-22 10:40;2025-01-22 12:55;2025-01-22 12:50;A320neo;165;On Time;0
FLT00344;HF106;R006;2025-01-22;2025-01-22 22:15;2025-01-22 23:00;2025-01-22 23:50;2025-01-23 00:30;A320;150;Delayed;45
FLT00345;HF106;R006;2025-01-22;2025-01-22 10:00;2025-01-22 10:05;2025-01-22 11:35;2025-01-22 11:35;A319;122;On Time;5
FLT00346;HF107;R007;2025-01-22;2025-01-22 06:00;2025-01-22 06:05;2025-01-22 07:25;2025-01-22 07:25;A319;122;On Time;5
FLT00347;HF108;R008;2025-01-22;2025-01-22 22:45;2025-01-22 22:45;2025-01-23 00:25;2025-01-23 00:20;A319;122;Delayed;0
FLT00348;HF109;R009;2025-01-22;2025-01-22 22:45;2025-01-22 22:45;2025-01-23 05:15;2025-01-23 05:10;A330-900neo;242;On Time;0
FLT00349;HF109;R009;2025-01-22;2025-01-22 06:15;2025-01-22 06:25;2025-01-22 12:45;2025-01-22 12:50;A330-900neo;242;Delayed;10
FLT00350;HF110;R010;2025-01-22;2025-01-22 06:45;2025-01-22 06:50;2025-01-22 07:55;2025-01-22 07:55;A320;150;On Time;5
FLT00351;HF111;R011;2025-01-22;2025-01-22 16:30;2025-01-22 16:40;2025-01-22 18:40;2025-01-22 18:45;A319;122;Delayed;10
FLT00352;HF112;R012;2025-01-22;2025-01-22 19:00;2025-01-22 19:00;2025-01-22 20:35;2025-01-22 20:30;A320;150;On Time;0
FLT00353;HF101;R001;2025-01-23;2025-01-23 19:45;2025-01-23 19:45;2025-01-23 20:35;2025-01-23 20:30;A319;122;On Time;0
FLT00354;HF102;R002;2025-01-23;2025-01-23 10:30;2025-01-23 10:30;2025-01-23 11:35;2025-01-23 11:30;A319;122;On Time;0
FLT00355;HF103;R003;2025-01-23;2025-01-23 13:30;2025-01-23 13:45;2025-01-23 14:40;2025-01-23 14:50;A320neo;165;Delayed;15
FLT00356;HF104;R004;2025-01-23;2025-01-23 13:30;2025-01-23 13:25;2025-01-23 14:40;2025-01-23 14:35;A320;150;On Time;0
FLT00357;HF104;R004;2025-01-23;2025-01-23 22:30;2025-01-23 22:30;2025-01-23 23:40;2025-01-23 23:35;A319;122;On Time;0
FLT00358;HF105;R005;2025-01-23;2025-01-23 16:15;2025-01-23 16:15;2025-01-23 18:25;2025-01-23 18:20;A320neo;165;On Time;0
FLT00359;HF105;R005;2025-01-23;2025-01-23 13:00;2025-01-23 13:00;2025-01-23 15:10;2025-01-23 15:05;A319;122;On Time;0
FLT00360;HF106;R006;2025-01-23;2025-01-23 19:45;2025-01-23 19:40;2025-01-23 21:20;2025-01-23 21:15;A319;122;On Time;0
FLT00361;HF106;R006;2025-01-23;2025-01-23 19:00;2025-01-23 19:05;2025-01-23 20:35;2025-01-23 20:35;A320;150;On Time;5
FLT00362;HF107;R007;2025-01-23;2025-01-23 06:30;2025-01-23 06:40;2025-01-23 07:55;2025-01-23 08:00;A320neo;165;Delayed;10
FLT00363;HF108;R008;2025-01-23;2025-01-23 13:30;2025-01-23 14:15;2025-01-23 15:10;2025-01-23 15:50;A320neo;165;Delayed;45
FLT00364;HF109;R009;2025-01-23;2025-01-23 22:30;2025-01-23 22:30;2025-01-24 05:00;2025-01-24 04:55;A330-900neo;242;On Time;0
FLT00365;HF109;R009;2025-01-23;2025-01-23 16:00;2025-01-23 16:05;2025-01-23 22:30;2025-01-23 22:30;A330-900neo;242;On Time;5
FLT00366;HF110;R010;2025-01-23;2025-01-23 06:30;2025-01-23 06:30;2025-01-23 07:40;2025-01-23 07:35;A320neo;165;On Time;0
FLT00367;HF111;R011;2025-01-23;2025-01-23 06:45;2025-01-23 06:45;2025-01-23 08:55;2025-01-23 08:50;A319;122;On Time;0
FLT00368;HF112;R012;2025-01-23;2025-01-23 19:00;2025-01-23 19:30;2025-01-23 20:35;2025-01-23 21:00;A320neo;165;Delayed;30
FLT00369;HF101;R001;2025-01-24;2025-01-24 13:00;2025-01-24 12:55;2025-01-24 13:50;2025-01-24 13:45;A320neo;165;On Time;0
FLT00370;HF102;R002;2025-01-24;2025-01-24 19:00;2025-01-24 19:00;2025-01-24 20:05;2025-01-24 20:00;A320neo;165;On Time;0
FLT00371;HF103;R003;2025-01-24;2025-01-24 16:00;2025-01-24 16:05;2025-01-24 17:10;2025-01-24 17:10;A320;150;Delayed;5
FLT00372;HF104;R004;2025-01-24;2025-01-24 22:45;2025-01-24 22:50;2025-01-24 23:55;2025-01-24 23:55;A319;122;On Time;5
FLT00373;HF104;R004;2025-01-24;2025-01-24 22:45;2025-01-24 22:45;2025-01-24 23:55;2025-01-24 23:50;A320;150;Delayed;0
FLT00374;HF105;R005;2025-01-24;2025-01-24 08:45;;2025-01-24 10:55;;A319;122;Cancelled;
FLT00375;HF105;R005;2025-01-24;2025-01-24 06:30;2025-01-24 07:15;2025-01-24 08:40;2025-01-24 09:20;A320neo;165;Delayed;45
FLT00376;HF106;R006;2025-01-24;2025-01-24 13:15;;2025-01-24 14:50;;A320neo;165;Cancelled;
FLT00377;HF106;R006;2025-01-24;2025-01-24 22:30;2025-01-24 22:40;2025-01-25 00:05;2025-01-25 00:10;A320;150;Delayed;10
FLT00378;HF107;R007;2025-01-24;2025-01-24 19:15;2025-01-24 19:15;2025-01-24 20:40;2025-01-24 20:35;A320;150;Delayed;0
FLT00379;HF108;R008;2025-01-24;2025-01-24 22:30;2025-01-24 22:45;2025-01-25 00:10;2025-01-25 00:20;A319;122;Delayed;15
FLT00380;HF109;R009;2025-01-24;2025-01-24 16:45;2025-01-24 16:50;2025-01-24 23:15;2025-01-24 23:15;A330-900neo;242;Delayed;5
FLT00381;HF109;R009;2025-01-24;2025-01-24 22:30;2025-01-24 22:30;2025-01-25 05:00;2025-01-25 04:55;A330-900neo;242;On Time;0
FLT00382;HF110;R010;2025-01-24;2025-01-24 19:15;2025-01-24 19:10;2025-01-24 20:25;2025-01-24 20:20;A319;122;On Time;0
FLT00383;HF111;R011;2025-01-24;2025-01-24 22:15;2025-01-24 22:15;2025-01-25 00:25;2025-01-25 00:20;A319;122;On Time;0
FLT00384;HF112;R012;2025-01-24;2025-01-24 16:00;2025-01-24 16:10;2025-01-24 17:35;2025-01-24 17:40;A320;150;Delayed;10
FLT00385;HF101;R001;2025-01-25;2025-01-25 22:30;2025-01-25 23:00;2025-01-25 23:20;2025-01-25 23:45;A320;150;Delayed;30
FLT00386;HF102;R002;2025-01-25;2025-01-25 10:30;2025-01-25 10:35;2025-01-25 11:35;2025-01-25 11:35;A320;150;On Time;5
FLT00387;HF103;R003;2025-01-25;2025-01-25 10:00;2025-01-25 10:45;2025-01-25 11:10;2025-01-25 11:50;A319;122;Delayed;45
FLT00388;HF104;R004;2025-01-25;2025-01-25 22:15;2025-01-25 22:15;2025-01-25 23:25;2025-01-25 23:20;A320neo;165;Delayed;0
FLT00389;HF104;R004;2025-01-25;2025-01-25 19:15;2025-01-25 19:30;2025-01-25 20:25;2025-01-25 20:35;A320;150;Delayed;15
FLT00390;HF105;R005;2025-01-25;2025-01-25 16:30;2025-01-25 16:30;2025-01-25 18:40;2025-01-25 18:35;A320;150;On Time;0
FLT00391;HF105;R005;2025-01-25;2025-01-25 08:30;2025-01-25 08:30;2025-01-25 10:40;2025-01-25 10:35;A319;122;On Time;0
FLT00392;HF106;R006;2025-01-25;2025-01-25 22:15;2025-01-25 22:15;2025-01-25 23:50;2025-01-25 23:45;A319;122;Delayed;0
FLT00393;HF106;R006;2025-01-25;2025-01-25 22:45;2025-01-25 23:45;2025-01-26 00:20;2025-01-26 01:15;A320;150;Delayed;60
FLT00394;HF107;R007;2025-01-25;2025-01-25 22:15;2025-01-25 22:25;2025-01-25 23:40;2025-01-25 23:45;A320;150;Delayed;10
FLT00395;HF108;R008;2025-01-25;2025-01-25 06:00;2025-01-25 05:55;2025-01-25 07:40;2025-01-25 07:35;A319;122;On Time;0
FLT00396;HF109;R009;2025-01-25;2025-01-25 08:30;2025-01-25 08:25;2025-01-25 15:00;2025-01-25 14:55;A330-900neo;242;On Time;0
FLT00397;HF109;R009;2025-01-25;2025-01-25 13:00;2025-01-25 13:05;2025-01-25 19:30;2025-01-25 19:30;A330-900neo;242;On Time;5
FLT00398;HF110;R010;2025-01-25;2025-01-25 19:45;2025-01-25 19:50;2025-01-25 20:55;2025-01-25 20:55;A320;150;On Time;5
FLT00399;HF111;R011;2025-01-25;2025-01-25 10:45;2025-01-25 10:45;2025-01-25 12:55;2025-01-25 12:50;A320;150;On Time;0
FLT00400;HF112;R012;2025-01-25;2025-01-25 19:30;2025-01-25 19:25;2025-01-25 21:05;2025-01-25 21:00;A319;122;On Time;0
FLT00401;HF101;R001;2025-01-26;2025-01-26 13:45;2025-01-26 13:45;2025-01-26 14:35;2025-01-26 14:30;A320neo;165;On Time;0
FLT00402;HF102;R002;2025-01-26;2025-01-26 08:15;2025-01-26 08:10;2025-01-26 09:20;2025-01-26 09:15;A320;150;On Time;0
FLT00403;HF103;R003;2025-01-26;2025-01-26 19:00;2025-01-26 19:05;2025-01-26 20:10;2025-01-26 20:10;A320neo;165;On Time;5
FLT00404;HF104;R004;2025-01-26;2025-01-26 06:15;2025-01-26 06:15;2025-01-26 07:25;2025-01-26 07:20;A319;122;On Time;0
FLT00405;HF104;R004;2025-01-26;2025-01-26 16:30;2025-01-26 17:00;2025-01-26 17:40;2025-01-26 18:05;A320neo;165;Delayed;30
FLT00406;HF105;R005;2025-01-26;2025-01-26 06:15;2025-01-26 06:15;2025-01-26 08:25;2025-01-26 08:20;A320neo;165;Delayed;0
FLT00407;HF105;R005;2025-01-26;2025-01-26 08:30;2025-01-26 09:15;2025-01-26 10:40;2025-01-26 11:20;A320neo;165;Delayed;45
FLT00408;HF106;R006;2025-01-26;2025-01-26 08:45;2025-01-26 08:50;2025-01-26 10:20;2025-01-26 10:20;A319;122;On Time;5
FLT00409;HF106;R006;2025-01-26;2025-01-26 08:30;2025-01-26 08:30;2025-01-26 10:05;2025-01-26 10:00;A320;150;On Time;0
FLT00410;HF107;R007;2025-01-26;2025-01-26 13:00;2025-01-26 13:05;2025-01-26 14:25;2025-01-26 14:25;A319;122;On Time;5
FLT00411;HF108;R008;2025-01-26;2025-01-26 22:15;2025-01-26 22:10;2025-01-26 23:55;2025-01-26 23:50;A320neo;165;On Time;0
FLT00412;HF109;R009;2025-01-26;2025-01-26 22:30;2025-01-26 22:25;2025-01-27 05:00;2025-01-27 04:55;A330-900neo;242;On Time;0
FLT00413;HF109;R009;2025-01-26;2025-01-26 08:00;2025-01-26 08:10;2025-01-26 14:30;2025-01-26 14:35;A330-900neo;242;Delayed;10
FLT00414;HF110;R010;2025-01-26;2025-01-26 16:45;2025-01-26 16:55;2025-01-26 17:55;2025-01-26 18:00;A320neo;165;Delayed;10
FLT00415;HF111;R011;2025-01-26;2025-01-26 08:15;2025-01-26 08:20;2025-01-26 10:25;2025-01-26 10:25;A319;122;On Time;5
FLT00416;HF112;R012;2025-01-26;2025-01-26 08:30;2025-01-26 08:35;2025-01-26 10:05;2025-01-26 10:05;A319;122;On Time;5
FLT00417;HF101;R001;2025-01-27;2025-01-27 08:45;2025-01-27 08:45;2025-01-27 09:35;2025-01-27 09:30;A319;122;On Time;0
FLT00418;HF102;R002;2025-01-27;2025-01-27 19:15;2025-01-27 19:30;2025-01-27 20:20;2025-01-27 20:30;A319;122;Delayed;15
FLT00419;HF103;R003;2025-01-27;2025-01-27 08:15;2025-01-27 08:15;2025-01-27 09:25;2025-01-27 09:20;A319;122;On Time;0
FLT00420;HF104;R004;2025-01-27;2025-01-27 16:00;2025-01-27 16:10;2025-01-27 17:10;2025-01-27 17:15;A320neo;165;Delayed;10
FLT00421;HF104;R004;2025-01-27;2025-01-27 10:45;2025-01-27 11:45;2025-01-27 11:55;2025-01-27 12:50;A319;122;Delayed;60
FLT00422;HF105;R005;2025-01-27;2025-01-27 06:45;2025-01-27 07:30;2025-01-27 08:55;2025-01-27 09:35;A319;122;Delayed;45
FLT00423;HF105;R005;2025-01-27;2025-01-27 08:30;2025-01-27 08:30;2025-01-27 10:40;2025-01-27 10:35;A320neo;165;On Time;0
FLT00424;HF106;R006;2025-01-27;2025-01-27 16:30;2025-01-27 16:30;2025-01-27 18:05;2025-01-27 18:00;A320neo;165;On Time;0
FLT00425;HF106;R006;2025-01-27;2025-01-27 08:15;2025-01-27 08:15;2025-01-27 09:50;2025-01-27 09:45;A320;150;On Time;0
FLT00426;HF107;R007;2025-01-27;2025-01-27 16:45;2025-01-27 16:45;2025-01-27 18:10;2025-01-27 18:05;A319;122;On Time;0
FLT00427;HF108;R008;2025-01-27;2025-01-27 13:00;2025-01-27 13:00;2025-01-27 14:40;2025-01-27 14:35;A320neo;165;On Time;0
FLT00428;HF109;R009;2025-01-27;2025-01-27 06:30;2025-01-27 06:35;2025-01-27 13:00;2025-01-27 13:00;A330-900neo;242;On Time;5
FLT00429;HF109;R009;2025-01-27;2025-01-27 22:45;2025-01-27 23:45;2025-01-28 05:15;2025-01-28 06:10;A330-900neo;242;Delayed;60
FLT00430;HF110;R010;2025-01-27;2025-01-27 13:30;2025-01-27 13:35;2025-01-27 14:40;2025-01-27 14:40;A319;122;On Time;5
FLT00431;HF111;R011;2025-01-27;2025-01-27 16:15;2025-01-27 16:10;2025-01-27 18:25;2025-01-27 18:20;A319;122;On Time;0
FLT00432;HF112;R012;2025-01-27;2025-01-27 10:45;;2025-01-27 12:20;;A320;150;Cancelled;
FLT00433;HF101;R001;2025-01-28;2025-01-28 06:30;2025-01-28 07:00;2025-01-28 07:20;2025-01-28 07:45;A320;150;Delayed;30
FLT00434;HF102;R002;2025-01-28;2025-01-28 19:45;2025-01-28 19:40;2025-01-28 20:50;2025-01-28 20:45;A320;150;On Time;0
FLT00435;HF103;R003;2025-01-28;2025-01-28 06:45;2025-01-28 06:50;2025-01-28 07:55;2025-01-28 07:55;A320neo;165;On Time;5
FLT00436;HF104;R004;2025-01-28;2025-01-28 13:30;2025-01-28 13:25;2025-01-28 14:40;2025-01-28 14:35;A320neo;165;On Time;0
FLT00437;HF104;R004;2025-01-28;2025-01-28 19:15;2025-01-28 19:20;2025-01-28 20:25;2025-01-28 20:25;A320neo;165;On Time;5
FLT00438;HF105;R005;2025-01-28;2025-01-28 22:30;2025-01-28 22:30;2025-01-29 00:40;2025-01-29 00:35;A320neo;165;On Time;0
FLT00439;HF105;R005;2025-01-28;2025-01-28 10:15;2025-01-28 10:15;2025-01-28 12:25;2025-01-28 12:20;A320;150;On Time;0
FLT00440;HF106;R006;2025-01-28;2025-01-28 10:00;2025-01-28 10:00;2025-01-28 11:35;2025-01-28 11:30;A319;122;On Time;0
FLT00441;HF106;R006;2025-01-28;2025-01-28 22:45;2025-01-28 22:45;2025-01-29 00:20;2025-01-29 00:15;A320;150;On Time;0
FLT00442;HF107;R007;2025-01-28;2025-01-28 16:00;2025-01-28 16:00;2025-01-28 17:25;2025-01-28 17:20;A320neo;165;On Time;0
FLT00443;HF108;R008;2025-01-28;2025-01-28 19:45;2025-01-28 19:50;2025-01-28 21:25;2025-01-28 21:25;A320;150;On Time;5
FLT00444;HF109;R009;2025-01-28;2025-01-28 16:30;2025-01-28 16:35;2025-01-28 23:00;2025-01-28 23:00;A330-900neo;242;On Time;5
FLT00445;HF109;R009;2025-01-28;2025-01-28 06:30;2025-01-28 06:30;2025-01-28 13:00;2025-01-28 12:55;A330-900neo;242;Delayed;0
FLT00446;HF110;R010;2025-01-28;2025-01-28 10:30;2025-01-28 10:30;2025-01-28 11:40;2025-01-28 11:35;A320;150;On Time;0
FLT00447;HF111;R011;2025-01-28;2025-01-28 19:45;2025-01-28 19:45;2025-01-28 21:55;2025-01-28 21:50;A319;122;On Time;0
FLT00448;HF112;R012;2025-01-28;2025-01-28 06:15;2025-01-28 06:15;2025-01-28 07:50;2025-01-28 07:45;A319;122;On Time;0
FLT00449;HF101;R001;2025-01-29;2025-01-29 06:45;2025-01-29 06:40;2025-01-29 07:35;2025-01-29 07:30;A320neo;165;On Time;0
FLT00450;HF102;R002;2025-01-29;2025-01-29 08:00;2025-01-29 08:45;2025-01-29 09:05;2025-01-29 09:45;A319;122;Delayed;45
FLT00451;HF103;R003;2025-01-29;2025-01-29 22:15;2025-01-29 22:20;2025-01-29 23:25;2025-01-29 23:25;A320;150;On Time;5
FLT00452;HF104;R004;2025-01-29;2025-01-29 13:00;2025-01-29 13:00;2025-01-29 14:10;2025-01-29 14:05;A320neo;165;On Time;0
FLT00453;HF104;R004;2025-01-29;2025-01-29 16:15;;2025-01-29 17:25;;A319;122;Cancelled;
FLT00454;HF105;R005;2025-01-29;2025-01-29 06:00;2025-01-29 05:55;2025-01-29 08:10;2025-01-29 08:05;A319;122;On Time;0
FLT00455;HF105;R005;2025-01-29;2025-01-29 10:15;2025-01-29 10:10;2025-01-29 12:25;2025-01-29 12:20;A319;122;On Time;0
FLT00456;HF106;R006;2025-01-29;2025-01-29 08:15;2025-01-29 08:15;2025-01-29 09:50;2025-01-29 09:45;A320neo;165;On Time;0
FLT00457;HF106;R006;2025-01-29;2025-01-29 10:00;;2025-01-29 11:35;;A320;150;Cancelled;
FLT00458;HF107;R007;2025-01-29;2025-01-29 10:45;2025-01-29 10:45;2025-01-29 12:10;2025-01-29 12:05;A320;150;On Time;0
FLT00459;HF108;R008;2025-01-29;2025-01-29 13:00;;2025-01-29 14:40;;A320neo;165;Cancelled;
FLT00460;HF109;R009;2025-01-29;2025-01-29 08:15;2025-01-29 08:15;2025-01-29 14:45;2025-01-29 14:40;A330-900neo;242;On Time;0
FLT00461;HF109;R009;2025-01-29;2025-01-29 22:30;2025-01-29 22:25;2025-01-30 05:00;2025-01-30 04:55;A330-900neo;242;On Time;0
FLT00462;HF110;R010;2025-01-29;2025-01-29 13:00;2025-01-29 13:00;2025-01-29 14:10;2025-01-29 14:05;A320neo;165;Delayed;0
FLT00463;HF111;R011;2025-01-29;2025-01-29 13:45;2025-01-29 14:15;2025-01-29 15:55;2025-01-29 16:20;A320neo;165;Delayed;30
FLT00464;HF112;R012;2025-01-29;2025-01-29 19:45;2025-01-29 19:40;2025-01-29 21:20;2025-01-29 21:15;A319;122;On Time;0
FLT00465;HF101;R001;2025-01-30;2025-01-30 22:15;2025-01-30 22:20;2025-01-30 23:05;2025-01-30 23:05;A320neo;165;On Time;5
FLT00466;HF102;R002;2025-01-30;2025-01-30 08:00;2025-01-30 07:55;2025-01-30 09:05;2025-01-30 09:00;A320neo;165;On Time;0
FLT00467;HF103;R003;2025-01-30;2025-01-30 22:30;2025-01-30 22:30;2025-01-30 23:40;2025-01-30 23:35;A320neo;165;On Time;0
FLT00468;HF104;R004;2025-01-30;2025-01-30 16:45;2025-01-30 17:15;2025-01-30 17:55;2025-01-30 18:20;A320;150;Delayed;30
FLT00469;HF104;R004;2025-01-30;2025-01-30 13:15;2025-01-30 13:15;2025-01-30 14:25;2025-01-30 14:20;A320;150;On Time;0
FLT00470;HF105;R005;2025-01-30;2025-01-30 10:15;2025-01-30 10:15;2025-01-30 12:25;2025-01-30 12:20;A320neo;165;Delayed;0
FLT00471;HF105;R005;2025-01-30;2025-01-30 16:30;2025-01-30 16:30;2025-01-30 18:40;2025-01-30 18:35;A320neo;165;On Time;0
FLT00472;HF106;R006;2025-01-30;2025-01-30 22:30;2025-01-30 22:35;2025-01-31 00:05;2025-01-31 00:05;A320neo;165;On Time;5
FLT00473;HF106;R006;2025-01-30;2025-01-30 10:00;2025-01-30 10:00;2025-01-30 11:35;2025-01-30 11:30;A319;122;On Time;0
FLT00474;HF107;R007;2025-01-30;2025-01-30 13:00;2025-01-30 13:05;2025-01-30 14:25;2025-01-30 14:25;A320;150;On Time;5
FLT00475;HF108;R008;2025-01-30;2025-01-30 19:00;2025-01-30 18:55;2025-01-30 20:40;2025-01-30 20:35;A319;122;On Time;0
FLT00476;HF109;R009;2025-01-30;2025-01-30 13:30;2025-01-30 14:15;2025-01-30 20:00;2025-01-30 20:40;A330-900neo;242;Delayed;45
FLT00477;HF109;R009;2025-01-30;2025-01-30 13:30;2025-01-30 13:35;2025-01-30 20:00;2025-01-30 20:00;A330-900neo;242;On Time;5
FLT00478;HF110;R010;2025-01-30;2025-01-30 19:30;2025-01-30 19:30;2025-01-30 20:40;2025-01-30 20:35;A320;150;On Time;0
FLT00479;HF111;R011;2025-01-30;2025-01-30 08:00;2025-01-30 08:00;2025-01-30 10:10;2025-01-30 10:05;A320;150;On Time;0
FLT00480;HF112;R012;2025-01-30;2025-01-30 08:45;2025-01-30 09:00;2025-01-30 10:20;2025-01-30 10:30;A320neo;165;Delayed;15
